

SET NAMES utf8;

SET SQL_MODE='';
SET @OLD_UNIQUE_CHECKS=@@UNIQUE_CHECKS, UNIQUE_CHECKS=0;
SET @OLD_FOREIGN_KEY_CHECKS=@@FOREIGN_KEY_CHECKS, FOREIGN_KEY_CHECKS=0;
SET @OLD_SQL_MODE=@@SQL_MODE, SQL_MODE='NO_AUTO_VALUE_ON_ZERO';
SET @OLD_SQL_NOTES=@@SQL_NOTES, SQL_NOTES=0 ;

/*Data for the table `campus_caste` */

insert  into `campus_acadamicyear`(`acadamic_id`,`acadamic_year`,`startDate`,`endDate`,`Description`,`isActive`,`remarks`,`createuser`,`createdate`,`modifyuser`,`modifydate`) values 
('ACY2','2018-2019','2018-04-01','2019-03-31','','Y',NULL,'ADMIN','2018-03-04 13:52:14',NULL,'2018-03-09 18:08:10');


/*Data for the table `campus_permissions` */

insert  into `campus_permissions`(`PermissionCode`,`Module`,`SubModule`,`permission`,`shortName`,`isApplicable`) values 
('PER1','Student','Student','Student Creation','STUADD','Y'),
('PER10','Master','Class','Class Creation','CLSADD','Y'),
('PER100','Master','CommunicationSettings','CommunicationSettings Creation','CMSADD','N'),
('PER101','Master','','CommunicationSettings Update','CMSUPD','N'),
('PER102','Master','','CommunicationSettings Display','CMSDIS','N'),
('PER103','Master','','CommunicationSettings Delete','CMSDEL','N'),
('PER104','Master','InternalJobPosting','InternalJobPosting Creation','IJPADD','N'),
('PER105','Master','','InternalJobPosting Update','IJPUPD','N'),
('PER106','Master','','InternalJobPosting Display','IJPDIS','N'),
('PER107','Master','','InternalJobPosting Delete','IJPDEL','N'),
('PER108','Master','AccademicYearPlan','AccademicYearPlan Creation','AYPADD','N'),
('PER109','Master','','AccademicYearPlan Update','AYPUPD','N'),
('PER11','Master','','Class Delete','CLSDEL','Y'),
('PER110','Master','','AccademicYearPlan Display','AYPDIS','N'),
('PER111','Master','','AccademicYearPlan Delete','AYPDEL','N'),
('PER112','Master','RolePermissionMapping','RolePermissionMapping Creation','RPMADD','Y'),
('PER113','Master','','RolePermissionMapping Display','RPMDIS','Y'),
('PER114','Master','','PasswordMaintenance Creation','PWMADD','Y'),
('PER115','Master','','PasswordMaintenance Delete','PWMDEL','Y'),
('PER116','Master','PasswordMaintenance','PasswordMaintenance Display','PWMDIS','N'),
('PER117','Staff','','StaffAttendance Display','STFFATTDIS','N'),
('PER118','Student','UploadAssignment','UploadAssignment Creation','UPASSADD','N'),
('PER119','Student','','UploadAssignment Update','UPASSUPD','N'),
('PER12','Master','','Class Update','CLSUPD','Y'),
('PER120','Student','','UploadAssignment Display','UPASSDIS','N'),
('PER121','Student','','UploadAssignment Delete','UPASSDEL','N'),
('PER122','Student','StudentMarks','StudentMarks Creation','STUMRKADD','N'),
('PER123','Student','','StudentMarks Update','STUMRKUPD','N'),
('PER124','Student','','StudentMarks Display','STUMRKDIS','N'),
('PER125','Student','','StudentMarks Delete','STUMRKDEL','N'),
('PER126','Student','StudentInformation (Parents)','StudentInformation (Parents) Display','STUINFDIS','N'),
('PER127','Student','AttendanceDetails (Parents)','AttendanceDetails (Parents) Display','STUATTDTSDIS','N'),
('PER128','Student','AssignmentDetails (Parents)','AssignmentDetails (Parents) Display','STUASSDTSDIS','N'),
('PER129','Student','SyllubusDetails (Parents)','SyllubusDetails (Parents) Display','SYBDIS','N'),
('PER13','Master','','Class Display','CLSDIS','Y'),
('PER130','Student','FeedBack (Parents)','FeedBack (Parents) Display','FEBDIS','N'),
('PER131','Fee','TransportType','TransportType Creation','TTYADD','N'),
('PER132','Fee','','TransportType Update','TTYUPD','N'),
('PER133','Fee','','TransportType Display','TTYDIS','N'),
('PER134','Fee','','TransportType Delete','TTYDEL','N'),
('PER135','Fee','ConcessionDetails','ConcessionDetails Display','CONDIS','Y'),
('PER136','Fee','','ConcessionDetails Update','CONUPD','N'),
('PER137','Fee','','ConcessionDetails Creation','CONADD','Y'),
('PER138','Fee','','ConcessionDetails Delete','CONDEL','Y'),
('PER14','Master','Section','Section Creation','SECADD','Y'),
('PER141','Exam','ViewEaxmDetails','ViewEaxmDetails Display','VEXMDIS','N'),
('PER142','Leave','LeaveRequest','LeaveRequest Display','LEAVEREQ','N'),
('PER143','Leave','LeaveApprovel','LeaveApprovel Display','LEAVEAPPROVE','N'),
('PER144','Master','MasterModule','MasterModule Display','SETUPDIS','Y'),
('PER145','Student','StudentModule','StudentModule Display','STUDDIS','Y'),
('PER146','Staff','StaffModule','StaffModule Display','STFFDIS','N'),
('PER147','Fee','FeeModule','FeeModule Display','FEEMODDIS','Y'),
('PER148','Exam','ExamModule','ExamModule Display','EXMMODDIS','N'),
('PER149','Leave','LeaveModule','LeaveModule Display','LEAVEDIS','N'),
('PER15','Master','','Section Delete','SECDEL','Y'),
('PER150','Transport','TransportModule','TransportModule Display','TRNSPORTDIS','N'),
('PER151','Report','ReportModule','ReportModule Display','REPORTDIS','Y'),
('PER152','Exam','','ExamDetails Creation','EXMADD','N'),
('PER153','Exam','','ExamDetails Download','EXMDWD','N'),
('PER154','Fee','TransportType','TransportType Download','TTYDWD','N'),
('PER155','Master','ClassTeacherMapping','ClassTeacherMapping Display','CTMDIS','N'),
('PER156','Master','','ClassTeacherMapping Update','CTMUPD','N'),
('PER157','Master','','ClassTeacherMapping Download','CTMDWD','N'),
('PER158','Student','Meetings&Events(Parents)','Meetings&Events(Parents) Display','MTGDIS','N'),
('PER159','Student','StudentTimetable (Parents)','StudentTimetable (Parents) Display','STMDIS','N'),
('PER16','Master','','Section Update','SECUPD','Y'),
('PER160','Student','Circular&Remainder (Parents)','Circular&Remainder (Parents) Display','CRDDIS','N'),
('PER161','Staff','View Timetable (Staff)','View Timetable (Staff) Display','VTMDIS','N'),
('PER162','Staff','Download Payslip','Download Payslip Display','DPSDIS','N'),
('PER163','Report','StudentDetails Report','StudentDetails Report Display','STREDIS','N'),
('PER164','Report','Student AttendanceDetails Report','Student AttendanceDetails Report Display','ATRDIS','N'),
('PER165','Report','','Student AttendanceDetails Report Download','ATRDWD','N'),
('PER166','Report','StudentMarks Report','StudentMarks Report Display','STMRDIS','N'),
('PER167','Report','','StudentMarks Report Download','STMRDWD','N'),
('PER168','Report','Student AccdemicPerformance Report','Student AccdemicPerformance Report Display','SAFDIS','N'),
('PER169','Report','','Student AccdemicPerformance Report Download','SAFDWD','N'),
('PER17','Master','','Section Display','SECDIS','Y'),
('PER170','Report','Student Promotion Report','Student Promotion Report Display','SPRDIS','N'),
('PER171','Report','','Student Promotion Report Download','SPRDWD','N'),
('PER172','Report','Phone Directory','Phone Directory Display','PHDDIS','N'),
('PER173','Report','','Phone Directory Download','PHDDWD','N'),
('PER174','Report','Bonafide Certificate','Bonafide Certificate Download','BFCDWD','N'),
('PER175','Report','Transfer Certificate','Transfer Certificate Download','TFCDWD','N'),
('PER176','Report','Study Certificate','Study Certificate Download','STDCDWD','N'),
('PER177','Report','Staff Information','Staff Information Download','STFDWD','N'),
('PER178','Report','','Staff Information Display','STFDIS','N'),
('PER179','Report','Staff Attendance','Staff Attendance Display','STFADIS','N'),
('PER18','Master','Location','Location Display','SLCDIS','Y'),
('PER180','Report','','Staff Attendance Download','STFADWD','N'),
('PER181','Report','Staff Leave Report','Staff Leave Report Display','STFLDIS','N'),
('PER182','Report','','Staff Leave Report Download','STFLDWD','N'),
('PER183','Report','Staff Payroll Report','Staff Payroll Report Download','PAYDWD','N'),
('PER184','Report','','Staff Payroll Report Display','PAYDIS','N'),
('PER185','Report','Staff AcademicPerformance','Staff AcademicPerformance Display','STFAFDIS','N'),
('PER186','Report','','Staff AcademicPerformance Download','STFAFDWD','N'),
('PER187','Report','Releiving Order','Releiving Order Download','STFRODWD','N'),
('PER188','Report','Service Certificate','Service Certificate Download','STFSCDWD','N'),
('PER189','Report','Pay Certificate','Pay Certificate Download','STFPAYDWD','N'),
('PER19','Master','','Location Update','SLCUPD','Y'),
('PER190','Report','Fee Paid or Not','Fee Paid or Not Download','FEEPAIDDWD','N'),
('PER191','Report','Collection Summary','Collection Summary Download','COLLDWD','N'),
('PER192','Report','Concession Detais','Concession Detais Download','COLLDWD','N'),
('PER193','Report','Online Fee Receipt','Online Fee Receipt Download','OFRDWD','N'),
('PER194','Report','Exam Report Classwise','Exam Report Classwise Download','EXMRPTDWD','N'),
('PER195','Report','','Exam Report Classwise Display','EXMRPTDIS','N'),
('PER196','Report','Class Teacher Mapping','Class Teacher Mapping Display','CTDIS','N'),
('PER197','Report','','Class Teacher Mapping Dowload','CTDWD','N'),
('PER198','Report','Teacher Subject Details','Teacher Subject Details Display','TSDIS','N'),
('PER199','Report','','Teacher Subject Details Download','TSDWD','N'),
('PER2','Student','','Student Update','STUUPD','Y'),
('PER20','Master','','Location Delete','SLCDEL','Y'),
('PER200','Report','Student Management','Student Management Display','STMDIS','N'),
('PER201','Report','Staff Management','Staff Management Display','STFDIS','N'),
('PER202','Report','FeeManagement','FeeManagement Display','FEERDIS','Y'),
('PER203','Report','Transport Management','Transport Management Display','TRDIS','N'),
('PER204','Report','Admin Management','Admin Management Display','ADDIS','N'),
('PER205','Report','','StudentDetails Report Download','STRDWD','N'),
('PER21','Master','','Location Creation','SLCADD','Y'),
('PER218','Expenses','','Expenses Creation','EXPADD','N'),
('PER219','Expenses','','Expenses Update','EXPUPD','N'),
('PER22','Master','Stage','Stage Creation','STGADD','N'),
('PER220','Expenses','ExpensesDetails','Expenses Display','EXPDIS','N'),
('PER221','Expenses','','Expenses Delete','EXPDEL','N'),
('PER222','Interaction','','Interaction Display','SMS','Y'),
('PER23','Master','','Stage Update','STGUPD','N'),
('PER24','Master','','Stage Delete','STGDEL','N'),
('PER25','Master','','Stage Display','STGDIS','N'),
('PER26','Master','','Designation Display','DESDIS','N'),
('PER27','Master','Designation','Designation Creation','DESCRE','N'),
('PER28','Master','','Designation Update','DESUPD','N'),
('PER29','Master','','Designation Delete','DESDEL','N'),
('PER3','Student','','Student Display','STUDIS','Y'),
('PER30','Master','','Department Display','DEPDIS','N'),
('PER31','Master','Department','Department Creation','DEPADD','N'),
('PER312','Election','Election Management','Election Management Display','ELECMD','N'),
('PER313','Election','Election Report','Election Report Display','ELECRD','N'),
('PER314','Election','','Election Management Creation','ELECCR','N'),
('PER315','Election','','Election Management Update','ELECUP','N'),
('PER316','Election','','Election Management Delete','ELECDL','N'),
('PER317','Election','','Election Report Download','ELECDD','N'),
('PER318','Election','Election Voting','Election Voting Display','ELECVD','N'),
('PER319','Election','Election Approval','Election Approval Display','ELECAP','N'),
('PER32','Master','','Department Update','DEPUPD','N'),
('PER33','Master','','Department Delete','DEPDEL','N'),
('PER34','Transport','','Driver Display','DRVDIS','N'),
('PER35','Transport','Driver','Driver Creation','DRVADD','N'),
('PER36','Transport','','Driver Update','DRVUPD','N'),
('PER37','Transport','','Driver Delete','DRVDEL','N'),
('PER38','Transport','Route','Route Display','ROUDIS','N'),
('PER39','Transport','Route','Route Creation','ROUCRE','N'),
('PER4','Student','','Student Delete','STUDEL','Y'),
('PER40','Transport','','Route Update','ROUUPD','N'),
('PER400','Event','Event Registration','EventManagement Display','EVENMD','N'),
('PER401','Event','Event Registration','EventManagement Display','EVMRSD','N'),
('PER402','Event','Event Registration','EventManagement Creation','EVMRSC','N'),
('PER403','Event','Event Registration','EventManagement Update','EVMRSU','N'),
('PER41','Transport','','Route Delete','ROUDEL','N'),
('PER42','Transport','','Vehicle Display','VEHDIS','N'),
('PER43','Transport','Vehicle','Vehicle Creation','VEHCRE','N'),
('PER44','Transport','','Vehicle Update','VEHUPD','N'),
('PER45','Transport','','Vehicle Delete','VEHDEL','N'),
('PER46','Master','Subject','Subject Creation','SUBADD','N'),
('PER47','Master','','Subject Update','SUBUPD','N'),
('PER48','Master','','Subject Delete','SUBDEL','N'),
('PER49','Master','','Subject Display','SUBDIS','N'),
('PER5','Student','StudentPromotion','StudentPromotion Display','STUPROMDIS','Y'),
('PER50','Master','AcademicYear','AcademicYear Creation','ACCYRADD','Y'),
('PER500','Master','specialization','specialization Display','SPLDIS','Y'),
('PER501','Master','','specialization Creation','SPLADD','Y'),
('PER503','Master','','specialization Update','SPLUPD','Y'),
('PER504','Master','','specialization Delete','SPLDEL','Y'),
('PER505','Master','Occupation','Occupation Creation','OCUCRE','Y'),
('PER506','Master','','Occupation Display','OCUDIS','Y'),
('PER507','Master','','Occupation Update','OCUUPD','Y'),
('PER508','Master','','Occupation Delete','OCUDEL','Y'),
('PER509','Master','Religion','Religion Display','RELDIS','Y'),
('PER51','Master','','AcademicYear Update','ACCYRUPD','Y'),
('PER510','Master','','Religion Creation','RELCRE','Y'),
('PER511','Master','','Religion Update','RELUPD','Y'),
('PER512','Master','','Religion Delete','RELDEL','Y'),
('PER513','Master','caste','caste Display','CASDIS','Y'),
('PER514','Master','','caste Creation','CASCRE','Y'),
('PER515','Master','','caste Update','CASUPD','Y'),
('PER516','Master','','caste Delete','CASDEL','Y'),
('PER517','Master','Castecategory','Castecategory Display','CASCATDIS','Y'),
('PER518','Master','','Castecategory Creation','CASCATCRE','Y'),
('PER519','Master','','Castecategory Update','CASCATUPD','Y'),
('PER52','Master','','AcademicYear Delete','ACCYRDEL','Y'),
('PER520','Master','','Castecategory Delete','CASCATDEL','Y'),
('PER521','Master','Holiday','Holiday Display','HOLDIS','Y'),
('PER522','Master','','Holiday Creation','HOLCRE','Y'),
('PER523','Master','','Holiday Update','HOLUPD','Y'),
('PER524','Master','','Holiday Delete','HOLDEL','Y'),
('PER525','Master','Activities','Activities Display','ACTDIS','N'),
('PER526','Master','','Activities Creation','ACTCRE','N'),
('PER527','Master','','Activities Update','ACTUPD','N'),
('PER528','Master','','Activities Delete','ACTDEL','N'),
('PER529','Master','ChangeBackground','ChangeBackground Display','CNGDIS','Y'),
('PER53','Master','','AcademicYear Display','ACCYRDIS','Y'),
('PER530','Master','','ChangeBackground Creation','CNGCRE','Y'),
('PER531','IdentityCard','DesignStaffId','DesignStaffId Display','STFIDDIS','N'),
('PER532','IdentityCard','DesignStudentId','DesignStudentId Display','STUIDDIS','N'),
('PER533','IdentityCard','DesignTransportId','DesignTransportId Display','TRNSIDDIS','N'),
('PER534','IdentityCard','StaffIdSingle','StaffIdSingle Display','STFIDSDIS','N'),
('PER535','IdentityCard','StaffIdMultiple','StaffIdMultiple Display','STFMULIDDIS','N'),
('PER536','IdentityCard','StudentIdSingle','StudentIdSingle Display','STUIDSDIS','N'),
('PER537','IdentityCard','StudentIdMultiple','StudentIdMultiple Display','STUIDMULDIS','N'),
('PER538','IdentityCard','TransportIdSingle','TransportIdSingle Display','TRNSIDSDIS','N'),
('PER539','IdentityCard','TransportIdMultiple','TransportIdMultiple Display','TRNSIDMULDIS','N'),
('PER54','Student','StudentEnquiry','StudentEnquiry Creation','STUENQADD','N'),
('PER540','Master','','Role Download','ROLDWD','N'),
('PER542','Master','PasswordMaintenance','PasswordMaintenance Update','PWDUPD','Y'),
('PER55','Student','','StudentEnquiry Update','STUENQUPD','N'),
('PER56','Student','','StudentEnquiry Delete','STUENQDEL','N'),
('PER57','Student','','StudentEnquiry Display','STUENQDIS','N'),
('PER58','Staff','StaffRegistration','Staff Creation','STFFADD','N'),
('PER59','Staff','','Staff Update','STAFFUPD','N'),
('PER6','Master','Stream','Stream Creation','STRADD','Y'),
('PER60','Staff','','Staff Delete','STAFFDEL','N'),
('PER600','Library','Library Menus','Library Menus Display','LIBMENUS','N'),
('PER601','Library','Library Masters','Library Masters Creation','LIBMADD','N'),
('PER602','Library','','Library Masters Update','LIBMUPD','N'),
('PER603','Library','','Library Masters Display','LIBMSDIS','N'),
('PER604','Library','','Library Masters Delete','LIBMDEL','N'),
('PER61','Staff','','Staff Display','STAFFDIS','N'),
('PER610','Library','Library (Library)','Library (Library) Creation','LIBRADD','N'),
('PER611','Library','','Library (Library) Update','LIBRUPD','N'),
('PER612','Library','','Library (Library) Display','LIBRDIS','N'),
('PER613','Library','','Library (Library) Delete','LIBRDEL','N'),
('PER614','Library','','Library (Library) Download','LIBRDWL','N'),
('PER62','Staff','Employement','Staff Employement Creation','STFFEMPADD','N'),
('PER620','Library','Library Transaction','Library Transaction Creation','LIBTADD','N'),
('PER621','Library','','Library Transaction Update','LIBTUPD','N'),
('PER622','Library','','Library Transaction Display','LIBTDIS','N'),
('PER623','Library','','Library Transaction Delete`','LIBTDEL','N'),
('PER63','Staff','','Staff Employement Display','STFFEMPDIS','N'),
('PER630','Library','Library Reports','Library Reports Display','LIBRPDIS','N'),
('PER631','Library','','Library Reports Download','LIBRPDWD','N'),
('PER632','Master','Laboratory','Laboratory Creation','LABADD','N'),
('PER633','Master','','Laboratory Update','LABUPD','N'),
('PER634','Master','','Laboratory Delete','LABDEL','N'),
('PER635','Master','','Laboratory Display','LABDIS','N'),
('PER64','Staff','StaffAttendance','StaffAttendance Creation','STFFATTADD','N'),
('PER644','Master','UploadCastCategory','UploadCastCategory Display','UCASCATDIS','Y'),
('PER645','Master','UploadHolidayList','UploadHolidayList Display','UHOLDIS','Y'),
('PER646','Student ','StudentSearch','StudentSearch Display','STUSDIS','Y'),
('PER647','Student','MISReport','MISReport Display','MISDIS','Y'),
('PER648','Student','','StudentRegistration Download ','STUDWD','Y'),
('PER649','Student','','StudentAttendance Download ','STUATTDWD','Y'),
('PER65','Staff','','StaffAttendance Update','STFFATTUPD','N'),
('PER650','Student','','StudentPromotion Creation ','STUPROMADD','Y'),
('PER651','Student','DisciplinaryAction','DisciplinaryAction Display ','DISACTDIS','Y'),
('PER652','Student','StudentAppraisal','StudentAppraisal Display ','STUADIS','N'),
('PER653','Student','StudentWithHeld','StudentWithHeld Display','STUWDIS','N'),
('PER654','Student','GenerateRollNo','GenerateRollNo Display','GRNDIS','Y'),
('PER655','Student','','GenerateRollNo Creation ','GRNADD','Y'),
('PER656','Student','HouseSetting','HouseSetting Display','HOUSETDIS','Y'),
('PER657','Student','GenerateHouse','GenerateHouse Display','GENHOUDIS','Y'),
('PER658','Student','AgeAndBonafiedCertificate','AgeAndBonafiedCertificate Display','AABCDIS','Y'),
('PER659','Student','StudentPhotosheet','StudentPhotosheet Display','STUPHODIS','Y'),
('PER66','Staff','PayrollGeneration','PayrollGeneration Display','STAFFPAYDIS','N'),
('PER660','Student','UploadStudentsDataFromFile','UploadStudentsDataFromFile Display ','USDFDIS','Y'),
('PER661','Student','TCGenerate','TCGenerate Display','TCGDIS','Y'),
('PER662','Student','','TCGenerate Download ','TCGDWD','Y'),
('PER663','SMS','SuddenHolidayDetails','SuddenHolidayDetails Display ','SHDDIS','Y'),
('PER664','SMS','','SuddenHolidayDetails Creation','SHDADD','Y'),
('PER665','SMS','Meetingdetails','Meetingdetails Display ','MDDIS','Y'),
('PER666','SMS','','Meetingdetails Creation ','MDADD','Y'),
('PER667','SMS','LateComingStudents','LateComingStudents Display ','LCSDIS','N'),
('PER668','SMS','','LateComingStudents Creation ','LCSADD','N'),
('PER669','SMS','HomeWorks','HomeWorks Display ','HMDIS','N'),
('PER67','Fee','FeeType','FeeType Creation','FEEADD','N'),
('PER670','SMS','','HomeWorks Creation  ','HMADD','N'),
('PER671','SMS','Uniform','Uniform Display ','USDIS','N'),
('PER672','SMS','','Uniform Creation ','USADD','N'),
('PER673','SMS','Absent','Absent Display ','ABDIS','Y'),
('PER674','SMS','','Absent Creation  ','ABADD','Y'),
('PER675','SMS','SMS','SMS Display  ','INTRDIS','Y'),
('PER676','Fee','Feesetup','Feesetup Display ','FEESDIS','Y'),
('PER677','Fee','','Feesetup Creation   ','FEESADD','Y'),
('PER678','Fee','','Feesetup Update ','FEESUPD','Y'),
('PER679','Fee','','Feesetup Delete ','FEESDEL','Y'),
('PER68','Fee','','FeeType Update','FEEUPD','Y'),
('PER680','Fee','','Feesetup Download ','FEESDWD','N'),
('PER681','Fee','FineConfiguration','FineConfiguration Display','FCONFDIS','Y'),
('PER682','Fee','','FineConfiguration Creation','FCONFADD','Y'),
('PER683','Fee','FeeCancellation','FeeCancellation Display','FCANDIS','Y'),
('PER684','Fee','feeCollectionUpload','feeCollectionUpload Display','FCUDIS','N'),
('PER685','Fee','Expenditure','Expenditure Display','EXPDIS','N'),
('PER686','Fee','','Expenditure Creation ','EXPADD','N'),
('PER687','Fee','','Expenditure Update ','EXPUPD','N'),
('PER688','Fee','','Expenditure Delete ','EXPDEL','N'),
('PER689','Report','StudentReport','StudentReport Display ','STUREPDIS','Y'),
('PER69','Fee','','FeeType Delete','FEEDEL','N'),
('PER690','Report','','StudentReport Download ','STUREPDWD','Y'),
('PER691','Report','customizableStudentReports','customizableStudentReports Display  ','CUSTSTRDIS','Y'),
('PER692','Report','','customizableStudentReports Download   ','CUSTSTRDWD','Y'),
('PER695','Report','InactivateStudents','InactivateStudents Display ','INACTDIS','Y'),
('PER696','Report','','InactivateStudents Download ','INACTDWD','Y'),
('PER697','Report','StaffReport','StaffReport Display','STAREPDIS','N'),
('PER698','Report','AttendanceDetails','AttendanceRe Display ','STATTDIS','N'),
('PER699','Report','StaffAttendanceDetails','StaffAttendanceRe Download ','STATTDWD','N'),
('PER7','Master','','Stream Delete','STRDEL','Y'),
('PER700','Report','LeaveReport','LeaveReport Display','LEAREPDIS','N'),
('PER701','Report','','LeaveReport Download ','LEAREPDWD','N'),
('PER702','Report','ReleivingOrder','ReleivingOrder Display','RELRDIS','N'),
('PER703','Report','','ReleivingOrder Download  ','RELDWD','N'),
('PER704','Report','ServiceCertificate','ServiceCertificate Display','SERCETDIS','N'),
('PER705','Report','','ServiceCertificate Download  ','SERCETDWD','N'),
('PER706','Report','PayCertificate','PayCertificate Display ','PAYCETDIS','N'),
('PER707','Report','','PayCertificate Download ','PAYCETDWD','N'),
('PER708','Report','TransportFee','TransportFee Display ','TRAFEEDIS','N'),
('PER709','Report','','TransportFee Download ','TRAFEEDWD','N'),
('PER71','Fee','','FeeType Display','FEEDIS','N'),
('PER710','Report','DetailsOfDD','DetailsOfDD Display ','DTAOFDDDIS','Y'),
('PER711','Report','','DetailsOfDD Download  ','DTAOFDDDWD','Y'),
('PER712','Report','FEEDefaulter','FEEDefaulter Display  ','DEFLISTDIS','Y'),
('PER713','Report','','FEEDefaulter Download   ','DEFLISTDWD','Y'),
('PER714','Report','FeeCollectionReport','FeeCollectionReport Display ','FEECOLDIS','Y'),
('PER715','Report','','FeeCollectionReport Download ','FEECOLDWD','Y'),
('PER716','Report','ITFeeCollection','ITFee Display','ITFCOLDIS','N'),
('PER717','Report','','ITFeeCollection Download  ','ITFCOLDWD','N'),
('PER718','Report','IncomeandExpenditure','IncomeandExpense Display ','INAEXDIS','N'),
('PER719','Report','','IncomeandExpenditure Download   ','INAEXDWD','N'),
('PER72','Fee','TermMaster','TermMaster Creation','TRMADD','Y'),
('PER720','Report','ExamReport','ExamReport Display','EXREPDIS','N'),
('PER721','Report','','ExamReport Download','EXREPDWD','N'),
('PER722','Report','ProgressReport','ProgressReport Display ','PROREPDIS','N'),
('PER723','Report','','ProgressReport Download ','PROREPDWD','N'),
('PER724','Report','ClassPerformanceReport','ClassPerformanceReport Display  ','CLSPERDIS','N'),
('PER725','Report','','ClassPerformanceReport Download  ','CLSPERDWD','N'),
('PER726','Admission','Application','Application Display ','ISSDIS','Y'),
('PER727','Admission','','Application Creation ','ISSADD','Y'),
('PER728','Admission','','Application Update','ISSUPD','Y'),
('PER729','Admission','Admission','Admission Display','ADMDIS','Y'),
('PER73','Fee','','TermMaster Update','TRMUPD','Y'),
('PER730','Admission','Approved','Approved Display','APPRDIS','Y'),
('PER731','Admission','Rejected','Rejected Display ','REJEDIS','Y'),
('PER732','Admission','Cancelled','Cancelled Display  ','CANDIS','Y'),
('PER733','Admission','Submitted','Submitted Display','SUBMDIS','N'),
('PER734','Admission','Processed','Processed Display','PROSSDIS','Y'),
('PER735','Set','IDCard','IDCard Display','IDCARDDIS','N'),
('PER74','Fee','','TermMaster Delete','TRMDEL','Y'),
('PER740','Report','ReportForBusinRoutewise','ReportForBus Display','RFBRDIS','N'),
('PER741','Master','SchoolsUpload','SchoolsUpload Display','SCEXDIS','N'),
('PER742','Fee','ScholarShip','ScholarShip Display','SCHOLDIS','N'),
('PER743','Admission','RegistrationPage','RegistrationPage Display','ADMREG','Y'),
('PER744','Fee','','FeeCancellation Delete','FEECANDEL','Y'),
('PER745','Fee','','ClassFeeSetup Creation','CLSFEEADD','Y'),
('PER746','Fee','','ClassFeeSetup Update','CLSFEEUPD','N'),
('PER747','Fee','','ClassFeeSetup Delete','CLSFEEDEL','N'),
('PER748','Master','StreamUpload','StreamUpload Display','UPLSTRDIS','Y'),
('PER749','Master','','StreamUpload Creation','UPLSTRADD','Y'),
('PER75','Fee','','TermMaster Display','TRMDIS','Y'),
('PER750','Master','ClassUpload','ClassUpload Display','UPLCLSDIS','Y'),
('PER751','Master','','ClassUpload Creation','UPLCLSADD','Y'),
('PER752','Master','DivisionUpload','DivisionUpload Display','UPLDIVDIS','Y'),
('PER753','Master','','DivisionUpload Creation','UPLDIVADD','Y'),
('PER754','Master','SpecializationUpload','SpecializationUpload Display','UPLSPLDIS','Y'),
('PER755','Master','','SpecializationUpload Creation','UPLSPLADD','Y'),
('PER756','Master','OccupationUpload','OccupationUpload Display','UPLOCCDIS','Y'),
('PER757','Master','','OccupationUpload Creation','UPLOCCADD','Y'),
('PER758','Master','ReligionUpload','ReligionUpload Display','UPLRELDIS','Y'),
('PER759','Master','','ReligionUpload Creation','UPLRELADD','Y'),
('PER76','Fee','ClassFeeSetup','ClassFeeSetup Display','CLSFEEDIS','Y'),
('PER760','Master','CasteUpload','CasteUpload Display','UPLCASDIS','Y'),
('PER761','Master','','CasteUpload Creation','UPLCASADD','Y'),
('PER762','Master','','UploadCastCategory Creation','UCASCATADD','Y'),
('PER763','Master','','UploadHolidayList Creation','UHOLADD','Y'),
('PER764','Student','','HouseSetting Creation','HOUSETADD','Y'),
('PER765','Student','','HouseSetting Update','HOUSETUPD','Y'),
('PER766','Student','','HouseSetting Delete','HOUSETDEL','Y'),
('PER767','Student','','GenerateHouse Creation','GENHOUADD','Y'),
('PER768','Student','','GenerateHouse Update','GENHOUUPD','Y'),
('PER769','Student','','AgeAndBonafiedCertificate Creation','AABCADD','Y'),
('PER77','Fee','StageFeeSetup','StageFeeSetup Display','STGFEEDIS','N'),
('PER770','Student','','AgeAndBonafiedCertificate Download','AABCDWD','Y'),
('PER771','Student','','AgeAndBonafiedCertificate Update','AABCUPD','Y'),
('PER772','Student','','TCGenerate Creation','TCGADD','Y'),
('PER773','Student','','UploadStudentsDataFromFile Creation','USDFADD','Y'),
('PER774','Student','','StudentPhotosheet Download','STUPHODWD','Y'),
('PER775','Student','UploadStudentPhoto','UploadStudentPhoto Display','STUPHUPDIS','Y'),
('PER776','Student','','UploadStudentPhoto Creation','STUPHUPADD','Y'),
('PER777','Student','','DisciplinaryAction Creation','DISACTADD','Y'),
('PER778','Student','','DisciplinaryAction Update','DISACTUPD','Y'),
('PER779','Student','','DisciplinaryAction Delete','DISACTDEL','Y'),
('PER78','Fee','FeeCollection','FeeCollection Display','FEECOLLDIS','Y'),
('PER780','Fee','','FeeCollection Creation','FEECOLLADD','Y'),
('PER781','Fee','','FeeCollection Download','FEECOLLDWD','Y'),
('PER782','Master','UserSettings','UserSettings Display','USRDIS','Y'),
('PER783','Master','','UserSettings Creation','USRADD','Y'),
('PER784','Master','','UserSettings Update','USRUPD','Y'),
('PER785','Master','','UserSettings Delete','USRDEL','Y'),
('PER786','Student','','StudentPromotion Update','STUPROMUPD','Y'),
('PER79','Fee','','FeeCollection Update','FEECOLLUPD','N'),
('PER8','Master','','Stream Update','STRUPD','Y'),
('PER80','Exam','ExamDetails','ExamDetails Update','EXMUPD','N'),
('PER81','Exam','','ExamDetails Delete','EXMDEL','N'),
('PER82','Exam','','ExamDetails Display','EXMDIS','N'),
('PER83','Exam','ExamTimeTable','ExamTimeTable Display','EXMTMDIS','N'),
('PER84','Exam','','ExamTimeTable Update','EXMTMUPD','N'),
('PER85','Transport','','FuelMaintenance Display','FUELDIS','N'),
('PER86','Transport','','FuelMaintenance Update','FUELUPD','N'),
('PER87','Transport','FuelMaintenance','FuelMaintenance Creation','FUELADD','N'),
('PER88','Transport','','FuelMaintenance Delete','FUELDEL','N'),
('PER89','Master','Role','Role Display','ROLDIS','Y'),
('PER9','Master','','Stream Display','STRDIS','Y'),
('PER90','Master','','Role Update','ROLUPD','Y'),
('PER91','Master','','Role Creation','ROLADD','Y'),
('PER92','Master','','Role Delete','ROLDEL','Y'),
('PER93','Student','StudentAttendance','StudentAttendance Creation','STUATTADD','Y'),
('PER94','Student','','StudentAttendance Update','STUATTUPD','Y'),
('PER95','Student','','StudentAttendance Display','STUATTDIS','Y'),
('PER96','Master','ClassTimeTable','ClassTimeTable Creation','TMTADD','N'),
('PER97','Master','','ClassTimeTable Update','TMTUPD','N'),
('PER98','Master','','ClassTimeTable Display','TMTDIS','N'),
('PER99','Master','','ClassTimeTable Download','TMTDWD','N');


/*Data for the table `campus_role` */

insert  into `campus_role`(`RoleCode`,`RoleName`,`IsDefault`,`Description`,`createdby`,`createtime`,`modifiedby`,`modifiedtime`) values 
('ROL1','SuperAdmin','Y','admin',NULL,NULL,NULL,NULL);

/*Data for the table `campus_role_permissions_mapping` */

insert  into `campus_role_permissions_mapping`(`sno`,`permissionCode`,`roleCode`,`shortName`,`isApplicable`) values 
(88191,'PER726','ROL2','ISSDIS','false'),
(88192,'PER729','ROL2','ADMDIS','false'),
(88193,'PER730','ROL2','APPRDIS','false'),
(88194,'PER731','ROL2','REJEDIS','false'),
(88195,'PER732','ROL2','CANDIS','false'),
(88196,'PER734','ROL2','PROSSDIS','false'),
(88197,'PER743','ROL2','ADMREG','false'),
(88198,'PER135','ROL2','CONDIS','false'),
(88199,'PER137','ROL2','CONADD','false'),
(88200,'PER138','ROL2','CONDEL','false'),
(88201,'PER147','ROL2','FEEMODDIS','true'),
(88202,'PER676','ROL2','FEESDIS','true'),
(88203,'PER677','ROL2','FEESADD','true'),
(88204,'PER678','ROL2','FEESUPD','true'),
(88205,'PER679','ROL2','FEESDEL','true'),
(88206,'PER681','ROL2','FCONFDIS','true'),
(88207,'PER682','ROL2','FCONFADD','true'),
(88208,'PER683','ROL2','FCANDIS','true'),
(88209,'PER744','ROL2','FEECANDEL','true'),
(88210,'PER75','ROL2','TRMDIS','true'),
(88211,'PER72','ROL2','TRMADD','true'),
(88212,'PER73','ROL2','TRMUPD','true'),
(88213,'PER74','ROL2','TRMDEL','false'),
(88214,'PER76','ROL2','CLSFEEDIS','true'),
(88215,'PER745','ROL2','CLSFEEADD','true'),
(88216,'PER78','ROL2','FEECOLLDIS','true'),
(88217,'PER780','ROL2','FEECOLLADD','true'),
(88218,'PER781','ROL2','FEECOLLDWD','true'),
(88219,'PER13','ROL2','CLSDIS','false'),
(88220,'PER10','ROL2','CLSADD','false'),
(88221,'PER12','ROL2','CLSUPD','false'),
(88222,'PER11','ROL2','CLSDEL','false'),
(88223,'PER113','ROL2','RPMDIS','false'),
(88224,'PER112','ROL2','RPMADD','false'),
(88225,'PER17','ROL2','SECDIS','false'),
(88226,'PER14','ROL2','SECADD','false'),
(88227,'PER16','ROL2','SECUPD','false'),
(88228,'PER15','ROL2','SECDEL','false'),
(88229,'PER144','ROL2','SETUPDIS','false'),
(88230,'PER18','ROL2','SLCDIS','false'),
(88231,'PER21','ROL2','SLCADD','false'),
(88232,'PER19','ROL2','SLCUPD','false'),
(88233,'PER20','ROL2','SLCDEL','false'),
(88234,'PER53','ROL2','ACCYRDIS','false'),
(88235,'PER50','ROL2','ACCYRADD','false'),
(88236,'PER51','ROL2','ACCYRUPD','false'),
(88237,'PER52','ROL2','ACCYRDEL','false'),
(88238,'PER500','ROL2','SPLDIS','false'),
(88239,'PER501','ROL2','SPLADD','false'),
(88240,'PER503','ROL2','SPLUPD','false'),
(88241,'PER504','ROL2','SPLDEL','false'),
(88242,'PER506','ROL2','OCUDIS','false'),
(88243,'PER505','ROL2','OCUCRE','false'),
(88244,'PER507','ROL2','OCUUPD','false'),
(88245,'PER508','ROL2','OCUDEL','false'),
(88246,'PER509','ROL2','RELDIS','false'),
(88247,'PER510','ROL2','RELCRE','false'),
(88248,'PER511','ROL2','RELUPD','false'),
(88249,'PER512','ROL2','RELDEL','false'),
(88250,'PER513','ROL2','CASDIS','false'),
(88251,'PER514','ROL2','CASCRE','false'),
(88252,'PER515','ROL2','CASUPD','false'),
(88253,'PER516','ROL2','CASDEL','false'),
(88254,'PER517','ROL2','CASCATDIS','false'),
(88255,'PER518','ROL2','CASCATCRE','false'),
(88256,'PER519','ROL2','CASCATUPD','false'),
(88257,'PER520','ROL2','CASCATDEL','false'),
(88258,'PER521','ROL2','HOLDIS','false'),
(88259,'PER522','ROL2','HOLCRE','false'),
(88260,'PER523','ROL2','HOLUPD','false'),
(88261,'PER524','ROL2','HOLDEL','false'),
(88262,'PER529','ROL2','CNGDIS','false'),
(88263,'PER530','ROL2','CNGCRE','false'),
(88264,'PER114','ROL2','PWMADD','false'),
(88265,'PER542','ROL2','PWDUPD','false'),
(88266,'PER115','ROL2','PWMDEL','false'),
(88267,'PER9','ROL2','STRDIS','false'),
(88268,'PER6','ROL2','STRADD','false'),
(88269,'PER8','ROL2','STRUPD','false'),
(88270,'PER7','ROL2','STRDEL','false'),
(88271,'PER644','ROL2','UCASCATDIS','false'),
(88272,'PER762','ROL2','UCASCATADD','false'),
(88273,'PER645','ROL2','UHOLDIS','false'),
(88274,'PER763','ROL2','UHOLADD','false'),
(88275,'PER748','ROL2','UPLSTRDIS','false'),
(88276,'PER749','ROL2','UPLSTRADD','false'),
(88277,'PER750','ROL2','UPLCLSDIS','false'),
(88278,'PER751','ROL2','UPLCLSADD','false'),
(88279,'PER752','ROL2','UPLDIVDIS','false'),
(88280,'PER753','ROL2','UPLDIVADD','false'),
(88281,'PER754','ROL2','UPLSPLDIS','false'),
(88282,'PER755','ROL2','UPLSPLADD','false'),
(88283,'PER756','ROL2','UPLOCCDIS','false'),
(88284,'PER757','ROL2','UPLOCCADD','false'),
(88285,'PER758','ROL2','UPLRELDIS','false'),
(88286,'PER759','ROL2','UPLRELADD','false'),
(88287,'PER760','ROL2','UPLCASDIS','false'),
(88288,'PER761','ROL2','UPLCASADD','false'),
(88289,'PER782','ROL2','USRDIS','false'),
(88290,'PER783','ROL2','USRADD','false'),
(88291,'PER784','ROL2','USRUPD','false'),
(88292,'PER785','ROL2','USRDEL','false'),
(88293,'PER89','ROL2','ROLDIS','false'),
(88294,'PER91','ROL2','ROLADD','false'),
(88295,'PER90','ROL2','ROLUPD','false'),
(88296,'PER92','ROL2','ROLDEL','false'),
(88297,'PER151','ROL2','REPORTDIS','true'),
(88298,'PER689','ROL2','STUREPDIS','true'),
(88299,'PER690','ROL2','STUREPDWD','true'),
(88300,'PER695','ROL2','INACTDIS','true'),
(88301,'PER696','ROL2','INACTDWD','true'),
(88302,'PER710','ROL2','DTAOFDDDIS','true'),
(88303,'PER711','ROL2','DTAOFDDDWD','true'),
(88304,'PER712','ROL2','DEFLISTDIS','true'),
(88305,'PER713','ROL2','DEFLISTDWD','true'),
(88306,'PER714','ROL2','FEECOLDIS','true'),
(88307,'PER715','ROL2','FEECOLDWD','true'),
(88308,'PER663','ROL2','SHDDIS','true'),
(88309,'PER664','ROL2','SHDADD','true'),
(88310,'PER665','ROL2','MDDIS','true'),
(88311,'PER666','ROL2','MDADD','true'),
(88312,'PER673','ROL2','ABDIS','true'),
(88313,'PER674','ROL2','ABADD','true'),
(88314,'PER675','ROL2','INTRDIS','true'),
(88315,'PER3','ROL2','STUDIS','false'),
(88316,'PER1','ROL2','STUADD','false'),
(88317,'PER2','ROL2','STUUPD','false'),
(88318,'PER4','ROL2','STUDEL','false'),
(88319,'PER145','ROL2','STUDDIS','false'),
(88320,'PER5','ROL2','STUPROMDIS','false'),
(88321,'PER650','ROL2','STUPROMADD','false'),
(88322,'PER786','ROL2','STUPROMUPD','false'),
(88323,'PER646','ROL2','STUSDIS','false'),
(88324,'PER647','ROL2','MISDIS','false'),
(88325,'PER651','ROL2','DISACTDIS','false'),
(88326,'PER777','ROL2','DISACTADD','false'),
(88327,'PER778','ROL2','DISACTUPD','false'),
(88328,'PER779','ROL2','DISACTDEL','false'),
(88329,'PER654','ROL2','GRNDIS','false'),
(88330,'PER655','ROL2','GRNADD','false'),
(88331,'PER656','ROL2','HOUSETDIS','false'),
(88332,'PER764','ROL2','HOUSETADD','false'),
(88333,'PER765','ROL2','HOUSETUPD','false'),
(88334,'PER766','ROL2','HOUSETDEL','false'),
(88335,'PER657','ROL2','GENHOUDIS','false'),
(88336,'PER767','ROL2','GENHOUADD','false'),
(88337,'PER768','ROL2','GENHOUUPD','false'),
(88338,'PER658','ROL2','AABCDIS','false'),
(88339,'PER769','ROL2','AABCADD','false'),
(88340,'PER771','ROL2','AABCUPD','false'),
(88341,'PER770','ROL2','AABCDWD','false'),
(88342,'PER659','ROL2','STUPHODIS','false'),
(88343,'PER774','ROL2','STUPHODWD','false'),
(88344,'PER660','ROL2','USDFDIS','false'),
(88345,'PER773','ROL2','USDFADD','false'),
(88346,'PER661','ROL2','TCGDIS','false'),
(88347,'PER772','ROL2','TCGADD','false'),
(88348,'PER662','ROL2','TCGDWD','false'),
(88349,'PER775','ROL2','STUPHUPDIS','false'),
(88350,'PER776','ROL2','STUPHUPADD','false'),
(88351,'PER95','ROL2','STUATTDIS','false'),
(88352,'PER93','ROL2','STUATTADD','false'),
(88353,'PER94','ROL2','STUATTUPD','false'),
(88354,'PER649','ROL2','STUATTDWD','false'),
(88686,'PER726','ROL1','ISSDIS','true'),
(88687,'PER729','ROL1','ADMDIS','true'),
(88688,'PER730','ROL1','APPRDIS','true'),
(88689,'PER731','ROL1','REJEDIS','true'),
(88690,'PER732','ROL1','CANDIS','true'),
(88691,'PER734','ROL1','PROSSDIS','true'),
(88692,'PER743','ROL1','ADMREG','true'),
(88693,'PER135','ROL1','CONDIS','true'),
(88694,'PER137','ROL1','CONADD','true'),
(88695,'PER138','ROL1','CONDEL','true'),
(88696,'PER147','ROL1','FEEMODDIS','true'),
(88697,'PER676','ROL1','FEESDIS','true'),
(88698,'PER677','ROL1','FEESADD','true'),
(88699,'PER678','ROL1','FEESUPD','true'),
(88700,'PER679','ROL1','FEESDEL','true'),
(88701,'PER681','ROL1','FCONFDIS','true'),
(88702,'PER682','ROL1','FCONFADD','true'),
(88703,'PER683','ROL1','FCANDIS','true'),
(88704,'PER744','ROL1','FEECANDEL','true'),
(88705,'PER75','ROL1','TRMDIS','true'),
(88706,'PER72','ROL1','TRMADD','true'),
(88707,'PER73','ROL1','TRMUPD','true'),
(88708,'PER74','ROL1','TRMDEL','true'),
(88709,'PER76','ROL1','CLSFEEDIS','true'),
(88710,'PER745','ROL1','CLSFEEADD','true'),
(88711,'PER78','ROL1','FEECOLLDIS','true'),
(88712,'PER780','ROL1','FEECOLLADD','true'),
(88713,'PER781','ROL1','FEECOLLDWD','true'),
(88714,'PER13','ROL1','CLSDIS','true'),
(88715,'PER10','ROL1','CLSADD','true'),
(88716,'PER12','ROL1','CLSUPD','true'),
(88717,'PER11','ROL1','CLSDEL','true'),
(88718,'PER113','ROL1','RPMDIS','true'),
(88719,'PER112','ROL1','RPMADD','true'),
(88720,'PER17','ROL1','SECDIS','true'),
(88721,'PER14','ROL1','SECADD','true'),
(88722,'PER16','ROL1','SECUPD','true'),
(88723,'PER15','ROL1','SECDEL','true'),
(88724,'PER144','ROL1','SETUPDIS','true'),
(88725,'PER18','ROL1','SLCDIS','true'),
(88726,'PER21','ROL1','SLCADD','true'),
(88727,'PER19','ROL1','SLCUPD','true'),
(88728,'PER20','ROL1','SLCDEL','true'),
(88729,'PER53','ROL1','ACCYRDIS','true'),
(88730,'PER50','ROL1','ACCYRADD','true'),
(88731,'PER51','ROL1','ACCYRUPD','true'),
(88732,'PER52','ROL1','ACCYRDEL','true'),
(88733,'PER500','ROL1','SPLDIS','true'),
(88734,'PER501','ROL1','SPLADD','true'),
(88735,'PER503','ROL1','SPLUPD','true'),
(88736,'PER504','ROL1','SPLDEL','true'),
(88737,'PER506','ROL1','OCUDIS','true'),
(88738,'PER505','ROL1','OCUCRE','true'),
(88739,'PER507','ROL1','OCUUPD','true'),
(88740,'PER508','ROL1','OCUDEL','true'),
(88741,'PER509','ROL1','RELDIS','true'),
(88742,'PER510','ROL1','RELCRE','true'),
(88743,'PER511','ROL1','RELUPD','true'),
(88744,'PER512','ROL1','RELDEL','true'),
(88745,'PER513','ROL1','CASDIS','true'),
(88746,'PER514','ROL1','CASCRE','true'),
(88747,'PER515','ROL1','CASUPD','true'),
(88748,'PER516','ROL1','CASDEL','true'),
(88749,'PER517','ROL1','CASCATDIS','true'),
(88750,'PER518','ROL1','CASCATCRE','true'),
(88751,'PER519','ROL1','CASCATUPD','true'),
(88752,'PER520','ROL1','CASCATDEL','true'),
(88753,'PER521','ROL1','HOLDIS','true'),
(88754,'PER522','ROL1','HOLCRE','true'),
(88755,'PER523','ROL1','HOLUPD','true'),
(88756,'PER524','ROL1','HOLDEL','true'),
(88757,'PER529','ROL1','CNGDIS','true'),
(88758,'PER530','ROL1','CNGCRE','true'),
(88759,'PER114','ROL1','PWMADD','true'),
(88760,'PER542','ROL1','PWDUPD','true'),
(88761,'PER115','ROL1','PWMDEL','true'),
(88762,'PER9','ROL1','STRDIS','true'),
(88763,'PER6','ROL1','STRADD','true'),
(88764,'PER8','ROL1','STRUPD','true'),
(88765,'PER7','ROL1','STRDEL','true'),
(88766,'PER644','ROL1','UCASCATDIS','true'),
(88767,'PER762','ROL1','UCASCATADD','true'),
(88768,'PER645','ROL1','UHOLDIS','true'),
(88769,'PER763','ROL1','UHOLADD','true'),
(88770,'PER748','ROL1','UPLSTRDIS','true'),
(88771,'PER749','ROL1','UPLSTRADD','true'),
(88772,'PER750','ROL1','UPLCLSDIS','true'),
(88773,'PER751','ROL1','UPLCLSADD','true'),
(88774,'PER752','ROL1','UPLDIVDIS','true'),
(88775,'PER753','ROL1','UPLDIVADD','true'),
(88776,'PER754','ROL1','UPLSPLDIS','true'),
(88777,'PER755','ROL1','UPLSPLADD','true'),
(88778,'PER756','ROL1','UPLOCCDIS','true'),
(88779,'PER757','ROL1','UPLOCCADD','true'),
(88780,'PER758','ROL1','UPLRELDIS','true'),
(88781,'PER759','ROL1','UPLRELADD','true'),
(88782,'PER760','ROL1','UPLCASDIS','true'),
(88783,'PER761','ROL1','UPLCASADD','true'),
(88784,'PER782','ROL1','USRDIS','true'),
(88785,'PER783','ROL1','USRADD','true'),
(88786,'PER784','ROL1','USRUPD','true'),
(88787,'PER785','ROL1','USRDEL','true'),
(88788,'PER89','ROL1','ROLDIS','true'),
(88789,'PER91','ROL1','ROLADD','true'),
(88790,'PER90','ROL1','ROLUPD','true'),
(88791,'PER92','ROL1','ROLDEL','true'),
(88792,'PER151','ROL1','REPORTDIS','true'),
(88793,'PER202','ROL1','FEERDIS','true'),
(88794,'PER689','ROL1','STUREPDIS','true'),
(88795,'PER690','ROL1','STUREPDWD','true'),
(88796,'PER691','ROL1','CUSTSTRDIS','true'),
(88797,'PER692','ROL1','CUSTSTRDWD','true'),
(88798,'PER695','ROL1','INACTDIS','true'),
(88799,'PER696','ROL1','INACTDWD','true'),
(88800,'PER710','ROL1','DTAOFDDDIS','true'),
(88801,'PER711','ROL1','DTAOFDDDWD','true'),
(88802,'PER712','ROL1','DEFLISTDIS','true'),
(88803,'PER713','ROL1','DEFLISTDWD','true'),
(88804,'PER714','ROL1','FEECOLDIS','true'),
(88805,'PER715','ROL1','FEECOLDWD','true'),
(88806,'PER663','ROL1','SHDDIS','true'),
(88807,'PER664','ROL1','SHDADD','true'),
(88808,'PER665','ROL1','MDDIS','true'),
(88809,'PER666','ROL1','MDADD','true'),
(88810,'PER673','ROL1','ABDIS','true'),
(88811,'PER674','ROL1','ABADD','true'),
(88812,'PER675','ROL1','INTRDIS','true'),
(88813,'PER3','ROL1','STUDIS','true'),
(88814,'PER1','ROL1','STUADD','true'),
(88815,'PER2','ROL1','STUUPD','true'),
(88816,'PER4','ROL1','STUDEL','true'),
(88817,'PER145','ROL1','STUDDIS','true'),
(88818,'PER5','ROL1','STUPROMDIS','true'),
(88819,'PER650','ROL1','STUPROMADD','true'),
(88820,'PER786','ROL1','STUPROMUPD','true'),
(88821,'PER646','ROL1','STUSDIS','true'),
(88822,'PER647','ROL1','MISDIS','true'),
(88823,'PER651','ROL1','DISACTDIS','true'),
(88824,'PER777','ROL1','DISACTADD','true'),
(88825,'PER778','ROL1','DISACTUPD','true'),
(88826,'PER779','ROL1','DISACTDEL','true'),
(88827,'PER654','ROL1','GRNDIS','true'),
(88828,'PER655','ROL1','GRNADD','true'),
(88829,'PER656','ROL1','HOUSETDIS','true'),
(88830,'PER764','ROL1','HOUSETADD','true'),
(88831,'PER765','ROL1','HOUSETUPD','true'),
(88832,'PER766','ROL1','HOUSETDEL','true'),
(88833,'PER657','ROL1','GENHOUDIS','true'),
(88834,'PER767','ROL1','GENHOUADD','true'),
(88835,'PER768','ROL1','GENHOUUPD','true'),
(88836,'PER658','ROL1','AABCDIS','true'),
(88837,'PER769','ROL1','AABCADD','true'),
(88838,'PER771','ROL1','AABCUPD','true'),
(88839,'PER770','ROL1','AABCDWD','true'),
(88840,'PER659','ROL1','STUPHODIS','true'),
(88841,'PER774','ROL1','STUPHODWD','true'),
(88842,'PER660','ROL1','USDFDIS','true'),
(88843,'PER773','ROL1','USDFADD','true'),
(88844,'PER661','ROL1','TCGDIS','true'),
(88845,'PER772','ROL1','TCGADD','true'),
(88846,'PER662','ROL1','TCGDWD','true'),
(88847,'PER775','ROL1','STUPHUPDIS','true'),
(88848,'PER776','ROL1','STUPHUPADD','true'),
(88849,'PER95','ROL1','STUATTDIS','true'),
(88850,'PER93','ROL1','STUATTADD','true'),
(88851,'PER94','ROL1','STUATTUPD','true'),
(88852,'PER649','ROL1','STUATTDWD','true');

/*Data for the table `campus_religion` */

insert  into `campus_caste`(`religionId`,`casteId`,`caste`,`isActive`,`remarks`,`createdBy`,`createdTime`,`modifiedBy`,`modifiedTime`) values 
('RLG2','CST1','CATHOLIC','Y',NULL,NULL,NULL,NULL,NULL),
('RLG2','CST10','LUTHERAN','Y',NULL,NULL,NULL,NULL,NULL),
('RLG1','CST100','KUSAVAN','Y',NULL,NULL,NULL,NULL,NULL),
('RLG1','CST101','MALA ARAYAN','Y',NULL,NULL,NULL,NULL,NULL),
('RLG1','CST102','MALA VEDAN','Y',NULL,NULL,NULL,NULL,NULL),
('RLG1','CST103','MALAI PANDARAN','Y',NULL,NULL,NULL,NULL,NULL),
('RLG1','CST104','MALAYALA BRAHMIN','Y',NULL,NULL,NULL,NULL,NULL),
('RLG1','CST105','MALAYAN','Y',NULL,NULL,NULL,NULL,NULL),
('RLG1','CST106','MANIYANI','Y',NULL,NULL,NULL,NULL,NULL),
('RLG1','CST107','MANNAN','Y',NULL,NULL,NULL,NULL,NULL),
('RLG1','CST108','MAPANOR','Y',NULL,NULL,NULL,NULL,NULL),
('RLG1','CST109','MARA','Y',NULL,NULL,NULL,NULL,NULL),
('RLG2','CST11','MALANKARA CATHOLIC','Y',NULL,NULL,NULL,NULL,NULL),
('RLG1','CST110','MARAR','Y',NULL,NULL,NULL,NULL,NULL),
('RLG1','CST111','MARATA','Y',NULL,NULL,NULL,NULL,NULL),
('RLG1','CST112','MARATI','Y',NULL,NULL,NULL,NULL,NULL),
('RLG1','CST113','MARAVANS','Y',NULL,NULL,NULL,NULL,NULL),
('RLG1','CST114','MAVILAN','Y',NULL,NULL,NULL,NULL,NULL),
('RLG1','CST115','MELAKUDI','Y',NULL,NULL,NULL,NULL,NULL),
('RLG1','CST116','MENON','Y',NULL,NULL,NULL,NULL,NULL),
('RLG1','CST117','MUTHALIYAR','Y',NULL,NULL,NULL,NULL,NULL),
('RLG1','CST118','NAGARAM','Y',NULL,NULL,NULL,NULL,NULL),
('RLG1','CST119','NAIDU','Y',NULL,NULL,NULL,NULL,NULL),
('RLG2','CST12','MALANKARA SYRIAN CATHOLIC','Y',NULL,NULL,NULL,NULL,NULL),
('RLG1','CST120','NAIR','Y',NULL,NULL,NULL,NULL,NULL),
('RLG1','CST121','NAMBIAR','Y',NULL,NULL,NULL,NULL,NULL),
('RLG1','CST122','NAMBISSAN','Y',NULL,NULL,NULL,NULL,NULL),
('RLG1','CST123','NAMBOODIRI','Y',NULL,NULL,NULL,NULL,NULL),
('RLG1','CST124','NAMBOOTHIRI','Y',NULL,NULL,NULL,NULL,NULL),
('RLG1','CST125','NAMBUDIRI','Y',NULL,NULL,NULL,NULL,NULL),
('RLG1','CST126','NOMOSUDRA','Y',NULL,NULL,NULL,NULL,NULL),
('RLG1','CST127','NULAYAN','Y',NULL,NULL,NULL,NULL,NULL),
('RLG1','CST128','PADMASHALI','Y',NULL,NULL,NULL,NULL,NULL),
('RLG1','CST129','PALLAN','Y',NULL,NULL,NULL,NULL,NULL),
('RLG2','CST13','MARTHOMITE','Y',NULL,NULL,NULL,NULL,NULL),
('RLG1','CST130','PANAN','Y',NULL,NULL,NULL,NULL,NULL),
('RLG1','CST131','PANDITHER','Y',NULL,NULL,NULL,NULL,NULL),
('RLG1','CST132','PARAYAN','Y',NULL,NULL,NULL,NULL,NULL),
('RLG1','CST133','PARAVAN','Y',NULL,NULL,NULL,NULL,NULL),
('RLG1','CST134','PATHIYAN','Y',NULL,NULL,NULL,NULL,NULL),
('RLG1','CST135','PATTARYA','Y',NULL,NULL,NULL,NULL,NULL),
('RLG1','CST136','PERUMANNAN','Y',NULL,NULL,NULL,NULL,NULL),
('RLG1','CST137','PERUVANNAN','Y',NULL,NULL,NULL,NULL,NULL),
('RLG1','CST138','PISHARADY','Y',NULL,NULL,NULL,NULL,NULL),
('RLG1','CST139','PULAYA','Y',NULL,NULL,NULL,NULL,NULL),
('RLG2','CST14','MUKKUVA','Y',NULL,NULL,NULL,NULL,NULL),
('RLG1','CST140','PULLUVAN','Y',NULL,NULL,NULL,NULL,NULL),
('RLG1','CST141','PUSPAKA UNNI','Y',NULL,NULL,NULL,NULL,NULL),
('RLG1','CST142','RAWANA RAJPOOT','Y',NULL,NULL,NULL,NULL,NULL),
('RLG1','CST143','REDDIAR','Y',NULL,NULL,NULL,NULL,NULL),
('RLG1','CST144','SAINI','Y',NULL,NULL,NULL,NULL,NULL),
('RLG1','CST145','SAIVA VELLALA','Y',NULL,NULL,NULL,NULL,NULL),
('RLG1','CST146','SAKRAVAR','Y',NULL,NULL,NULL,NULL,NULL),
('RLG1','CST147','SALIYA','Y',NULL,NULL,NULL,NULL,NULL),
('RLG1','CST148','SAMBAVA','Y',NULL,NULL,NULL,NULL,NULL),
('RLG1','CST149','SARASWATH BRAHMIN','Y',NULL,NULL,NULL,NULL,NULL),
('RLG2','CST15','NA','Y',NULL,NULL,NULL,NULL,NULL),
('RLG1','CST150','SC','Y',NULL,NULL,NULL,NULL,NULL),
('RLG1','CST151','SEMMAN','Y',NULL,NULL,NULL,NULL,NULL),
('RLG1','CST152','SOURASHTRA','Y',NULL,NULL,NULL,NULL,NULL),
('RLG1','CST153','SOZHIA VELLALAR','Y',NULL,NULL,NULL,NULL,NULL),
('RLG1','CST154','SREEPANDARA CHETTY','Y',NULL,NULL,NULL,NULL,NULL),
('RLG1','CST155','SUNRI','Y',NULL,NULL,NULL,NULL,NULL),
('RLG1','CST156','TAMIL BRAHMIN','Y',NULL,NULL,NULL,NULL,NULL),
('RLG1','CST157','TELAGA','Y',NULL,NULL,NULL,NULL,NULL),
('RLG1','CST158','THACHER','Y',NULL,NULL,NULL,NULL,NULL),
('RLG1','CST159','THANDAN','Y',NULL,NULL,NULL,NULL,NULL),
('RLG1','CST160','THELUGU CHETTY','Y',NULL,NULL,NULL,NULL,NULL),
('RLG1','CST161','THIYYA','Y',NULL,NULL,NULL,NULL,NULL),
('RLG1','CST162','THULU BRAHMIN','Y',NULL,NULL,NULL,NULL,NULL),
('RLG1','CST163','THULU CHETTY','Y',NULL,NULL,NULL,NULL,NULL),
('RLG1','CST164','TULU BRAHMIN','Y',NULL,NULL,NULL,NULL,NULL),
('RLG1','CST165','UNNI','Y',NULL,NULL,NULL,NULL,NULL),
('RLG1','CST166','VADUGANS','Y',NULL,NULL,NULL,NULL,NULL),
('RLG1','CST167','VANIBHAR','Y',NULL,NULL,NULL,NULL,NULL),
('RLG1','CST168','VANIKA VAISYA','Y',NULL,NULL,NULL,NULL,NULL),
('RLG1','CST169','VANIYA','Y',NULL,NULL,NULL,NULL,NULL),
('RLG2','CST17','NADAR SIUC','Y',NULL,NULL,NULL,NULL,NULL),
('RLG1','CST170','VANIYA CHETTIYAR','Y',NULL,NULL,NULL,NULL,NULL),
('RLG1','CST171','VANIYAN','Y',NULL,NULL,NULL,NULL,NULL),
('RLG1','CST172','VANNAN','Y',NULL,NULL,NULL,NULL,NULL),
('RLG1','CST173','VEERA SAIVA','Y',NULL,NULL,NULL,NULL,NULL),
('RLG1','CST174','VELAAN','Y',NULL,NULL,NULL,NULL,NULL),
('RLG1','CST175','VELAAR','Y',NULL,NULL,NULL,NULL,NULL),
('RLG1','CST176','VELAN','Y',NULL,NULL,NULL,NULL,NULL),
('RLG1','CST177','VELLALA','Y',NULL,NULL,NULL,NULL,NULL),
('RLG1','CST178','VELLALA CHETTY','Y',NULL,NULL,NULL,NULL,NULL),
('RLG1','CST179','VELLALA PILLAI','Y',NULL,NULL,NULL,NULL,NULL),
('RLG2','CST18','NADAR LC','Y',NULL,NULL,NULL,NULL,NULL),
('RLG1','CST180','VELLALAR','Y',NULL,NULL,NULL,NULL,NULL),
('RLG1','CST181','VELUTHEDAN','Y',NULL,NULL,NULL,NULL,NULL),
('RLG1','CST182','VELUTHEDATHU NAIR','Y',NULL,NULL,NULL,NULL,NULL),
('RLG1','CST183','VETTUVAN','Y',NULL,NULL,NULL,NULL,NULL),
('RLG1','CST184','VILAKKITHALA NAIR','Y',NULL,NULL,NULL,NULL,NULL),
('RLG1','CST185','VISWAKARMA','Y',NULL,NULL,NULL,NULL,NULL),
('RLG1','CST186','VOKKALIGA','Y',NULL,NULL,NULL,NULL,NULL),
('RLG1','CST187','VOKKALINGA','Y',NULL,NULL,NULL,NULL,NULL),
('RLG1','CST188','WARRIER','Y',NULL,NULL,NULL,NULL,NULL),
('RLG1','CST189','YADHAVA','Y',NULL,NULL,NULL,NULL,NULL),
('RLG2','CST19','ORTHODOX SYRIAN','Y',NULL,NULL,NULL,NULL,NULL),
('RLG1','CST190','YOGEESWARA','Y',NULL,NULL,NULL,NULL,NULL),
('RLG1','CST191','MAPPILA','Y',NULL,NULL,NULL,NULL,NULL),
('RLG4','CST192','MAPPILA','Y',NULL,NULL,NULL,NULL,NULL),
('RLG4','CST193','MUSLIM','Y',NULL,NULL,NULL,NULL,NULL),
('RLG4','CST194','MUSLIM LABBAI','Y',NULL,NULL,NULL,NULL,NULL),
('RLG3','CST195','NAI','Y',NULL,NULL,NULL,NULL,NULL),
('RLG4','CST196','SUNNI','Y',NULL,NULL,NULL,NULL,NULL),
('RLG3','CST197','BC','Y',NULL,NULL,NULL,NULL,NULL),
('RLG3','CST198','RAWTHER','Y',NULL,NULL,NULL,NULL,NULL),
('RLG2','CST199','OTHERS','Y',NULL,NULL,NULL,NULL,NULL),
('RLG2','CST20','ORTHODOX','Y',NULL,NULL,NULL,NULL,NULL),
('RLG1','CST200','OTHERS','Y',NULL,NULL,NULL,NULL,NULL),
('RLG3','CST201','OTHERS','Y',NULL,NULL,NULL,NULL,NULL),
('RLG4','CST202','OTHERS','Y',NULL,NULL,NULL,NULL,NULL),
('RLG2','CST205','JACOBITE','Y',NULL,NULL,NULL,NULL,NULL),
('RLG2','CST206','NADARLC','Y',NULL,NULL,NULL,NULL,NULL),
('RLG1','CST209','CHERAMAR','Y',NULL,NULL,NULL,NULL,NULL),
('RLG2','CST21','PENTECOST','Y',NULL,NULL,NULL,NULL,NULL),
('RLG1','CST210','MUKKUVA','Y',NULL,NULL,NULL,NULL,NULL),
('RLG2','CST217','NADAR','Y',NULL,NULL,NULL,NULL,NULL),
('RLG4','CST219','NA','Y',NULL,NULL,NULL,NULL,NULL),
('RLG2','CST22','RC','Y',NULL,NULL,NULL,NULL,NULL),
('RLG2','CST220','SYRIAN','Y',NULL,NULL,NULL,NULL,NULL),
('RLG1','CST221','NADAR','Y',NULL,NULL,NULL,NULL,NULL),
('RLG2','CST222','CHERAMAR','Y',NULL,NULL,NULL,NULL,NULL),
('RLG1','CST223','NA','Y',NULL,NULL,NULL,NULL,NULL),
('RLG5','CST224','NA','Y',NULL,NULL,NULL,NULL,NULL),
('RLG1','CST225','gangamatha','Y',NULL,NULL,NULL,NULL,NULL),
('RLG1','CST226','YADUVANSI','Y',NULL,NULL,NULL,NULL,NULL),
('RLG1','CST227','RAJPUT','Y',NULL,NULL,NULL,NULL,NULL),
('RLG1','CST228','JAISWAL','Y',NULL,NULL,NULL,NULL,NULL),
('RLG5','CST229','RAJPUT','Y',NULL,NULL,NULL,NULL,NULL),
('RLG2','CST23','RCSC','Y',NULL,NULL,NULL,NULL,NULL),
('RLG3','CST230','NA','Y',NULL,NULL,NULL,NULL,NULL),
('RLG3','CST231','KHAN','Y',NULL,NULL,NULL,NULL,NULL),
('RLG1','CST232','Ansari','Y',NULL,NULL,NULL,NULL,NULL),
('RLG3','CST233','GEN','Y',NULL,NULL,NULL,NULL,NULL),
('RLG1','CST234','GEN','Y',NULL,NULL,NULL,NULL,NULL),
('RLG3','CST235','ANSARI','Y',NULL,NULL,NULL,NULL,NULL),
('RLG1','CST236','Lala','Y',NULL,NULL,NULL,NULL,NULL),
('RLG3','CST237','Shaikh','Y',NULL,NULL,NULL,NULL,NULL),
('RLG2','CST238','GEN','Y',NULL,NULL,NULL,NULL,NULL),
('RLG1','CST239','Thakur','Y',NULL,NULL,NULL,NULL,NULL),
('RLG2','CST24','SAMBAVA','Y',NULL,NULL,NULL,NULL,NULL),
('RLG1','CST240','Ahir','Y',NULL,NULL,NULL,NULL,NULL),
('RLG1','CST241','Kohar','Y',NULL,NULL,NULL,NULL,NULL),
('RLG1','CST242','Brahman','Y',NULL,NULL,NULL,NULL,NULL),
('RLG1','CST243','Mallah','Y',NULL,NULL,NULL,NULL,NULL),
('RLG1','CST244','Backward','Y',NULL,NULL,NULL,NULL,NULL),
('RLG4','CST245','Pathan','Y',NULL,NULL,NULL,NULL,NULL),
('RLG1','CST246','Aheer','Y',NULL,NULL,NULL,NULL,NULL),
('RLG1','CST247','Baniya','Y',NULL,NULL,NULL,NULL,NULL),
('RLG1','CST248','bari','Y',NULL,NULL,NULL,NULL,NULL),
('RLG1','CST249','bniya','Y',NULL,NULL,NULL,NULL,NULL),
('RLG2','CST25','SAMBAVAR','Y',NULL,NULL,NULL,NULL,NULL),
('RLG1','CST250','bhuj','Y',NULL,NULL,NULL,NULL,NULL),
('RLG1','CST251','Kayasth','Y',NULL,NULL,NULL,NULL,NULL),
('RLG1','CST252','dhobi','Y',NULL,NULL,NULL,NULL,NULL),
('RLG1','CST253','Gaderiya','Y',NULL,NULL,NULL,NULL,NULL),
('RLG1','CST254','kaushal','Y',NULL,NULL,NULL,NULL,NULL),
('RLG1','CST255','Kshatriya','Y',NULL,NULL,NULL,NULL,NULL),
('RLG3','CST256','Muslim','Y',NULL,NULL,NULL,NULL,NULL),
('RLG1','CST257','Sonar','Y',NULL,NULL,NULL,NULL,NULL),
('RLG1','CST258','Koiri','Y',NULL,NULL,NULL,NULL,NULL),
('RLG1','CST259','Pasi','Y',NULL,NULL,NULL,NULL,NULL),
('RLG2','CST26','SIUC','Y',NULL,NULL,NULL,NULL,NULL),
('RLG2','CST27','SIUC NADAR','Y',NULL,NULL,NULL,NULL,NULL),
('RLG2','CST28','SYRIAN CATHOLIC','Y',NULL,NULL,NULL,NULL,NULL),
('RLG2','CST29','SYRIAN ORTHODOX','Y',NULL,NULL,NULL,NULL,NULL),
('RLG2','CST3','CSI','Y',NULL,NULL,NULL,NULL,NULL),
('RLG2','CST30','T P M','Y',NULL,NULL,NULL,NULL,NULL),
('RLG2','CST31','YOUYOMAYAN','Y',NULL,NULL,NULL,NULL,NULL),
('RLG1','CST32','ADI ANDHRA','Y',NULL,NULL,NULL,NULL,NULL),
('RLG1','CST33','ADI DRAVIDA','Y',NULL,NULL,NULL,NULL,NULL),
('RLG1','CST34','ADI KARNATAKA','Y',NULL,NULL,NULL,NULL,NULL),
('RLG1','CST35','AGAMUDALYAR','Y',NULL,NULL,NULL,NULL,NULL),
('RLG1','CST36','AGARWAL','Y',NULL,NULL,NULL,NULL,NULL),
('RLG1','CST37','AJILA','Y',NULL,NULL,NULL,NULL,NULL),
('RLG1','CST38','AMBALAVASI','Y',NULL,NULL,NULL,NULL,NULL),
('RLG1','CST39','ARAYA DHEEVARA','Y',NULL,NULL,NULL,NULL,NULL),
('RLG2','CST4','CSI NADAR','Y',NULL,NULL,NULL,NULL,NULL),
('RLG1','CST40','ARAYAN','Y',NULL,NULL,NULL,NULL,NULL),
('RLG1','CST41','ARUNTHATHIYAR','Y',NULL,NULL,NULL,NULL,NULL),
('RLG1','CST42','AYYANAVAR','Y',NULL,NULL,NULL,NULL,NULL),
('RLG1','CST43','BAIRA','Y',NULL,NULL,NULL,NULL,NULL),
('RLG1','CST44','BAKUDA','Y',NULL,NULL,NULL,NULL,NULL),
('RLG1','CST45','BANDI','Y',NULL,NULL,NULL,NULL,NULL),
('RLG1','CST46','BATHADA','Y',NULL,NULL,NULL,NULL,NULL),
('RLG1','CST47','BELLARA','Y',NULL,NULL,NULL,NULL,NULL),
('RLG1','CST48','BHARATHAR','Y',NULL,NULL,NULL,NULL,NULL),
('RLG1','CST49','BHAT RAJU','Y',NULL,NULL,NULL,NULL,NULL),
('RLG2','CST5','EVANGELICAL','Y','    ',NULL,NULL,NULL,NULL),
('RLG1','CST50','BILLAVA','Y',NULL,NULL,NULL,NULL,NULL),
('RLG1','CST51','BRAHMIN','Y',NULL,NULL,NULL,NULL,NULL),
('RLG1','CST52','CHAKKALA','Y',NULL,NULL,NULL,NULL,NULL),
('RLG1','CST53','CHAKKILIYAN','Y',NULL,NULL,NULL,NULL,NULL),
('RLG1','CST54','CHAMAR','Y',NULL,NULL,NULL,NULL,NULL),
('RLG1','CST55','CHANDALA','Y',NULL,NULL,NULL,NULL,NULL),
('RLG1','CST56','CHEMMAN','Y',NULL,NULL,NULL,NULL,NULL),
('RLG1','CST57','CHERUMAN','Y',NULL,NULL,NULL,NULL,NULL),
('RLG1','CST58','CHETTIYAR','Y',NULL,NULL,NULL,NULL,NULL),
('RLG1','CST59','CHETTY','Y',NULL,NULL,NULL,NULL,NULL),
('RLG2','CST6','ITALIAN CATHOLIC','Y',NULL,NULL,NULL,NULL,NULL),
('RLG1','CST60','DEVANGAR','Y',NULL,NULL,NULL,NULL,NULL),
('RLG1','CST61','DEVANGAR CHETTIYAR','Y',NULL,NULL,NULL,NULL,NULL),
('RLG1','CST62','DHEEVARA','Y',NULL,NULL,NULL,NULL,NULL),
('RLG1','CST63','DHEEVARA ARAYA','Y',NULL,NULL,NULL,NULL,NULL),
('RLG1','CST64','DOMBARA','Y',NULL,NULL,NULL,NULL,NULL),
('RLG1','CST65','ELAVANIYAR','Y',NULL,NULL,NULL,NULL,NULL),
('RLG1','CST66','ELUR CHETTY','Y',NULL,NULL,NULL,NULL,NULL),
('RLG1','CST67','EZHAVA','Y',NULL,NULL,NULL,NULL,NULL),
('RLG1','CST68','EZHAVATHI','Y',NULL,NULL,NULL,NULL,NULL),
('RLG1','CST69','EZHUTHACHAN','Y',NULL,NULL,NULL,NULL,NULL),
('RLG2','CST7','JOCOBITE','Y',NULL,NULL,NULL,NULL,NULL),
('RLG1','CST70','G S BRAHMIN','Y',NULL,NULL,NULL,NULL,NULL),
('RLG1','CST71','GANAKA','Y',NULL,NULL,NULL,NULL,NULL),
('RLG1','CST72','GANIKA','Y',NULL,NULL,NULL,NULL,NULL),
('RLG1','CST73','GAVARA','Y',NULL,NULL,NULL,NULL,NULL),
('RLG1','CST74','GOUNDER','Y',NULL,NULL,NULL,NULL,NULL),
('RLG1','CST75','IYER','Y',NULL,NULL,NULL,NULL,NULL),
('RLG1','CST76','KAIKOLAN','Y',NULL,NULL,NULL,NULL,NULL),
('RLG1','CST77','KAKKALAN','Y',NULL,NULL,NULL,NULL,NULL),
('RLG1','CST78','KALLAR','Y',NULL,NULL,NULL,NULL,NULL),
('RLG1','CST79','KAMMALA','Y',NULL,NULL,NULL,NULL,NULL),
('RLG2','CST8','JACOBITE SYRIANf','Y',NULL,NULL,NULL,NULL,NULL),
('RLG1','CST80','KAMMARA','Y',NULL,NULL,NULL,NULL,NULL),
('RLG1','CST81','KANAKKAN','Y',NULL,NULL,NULL,NULL,NULL),
('RLG1','CST82','KANIYAN','Y',NULL,NULL,NULL,NULL,NULL),
('RLG1','CST83','KANIYAN PANICKER','Y',NULL,NULL,NULL,NULL,NULL),
('RLG1','CST84','KANJA REDDY','Y',NULL,NULL,NULL,NULL,NULL),
('RLG1','CST85','KANNADIYAN','Y',NULL,NULL,NULL,NULL,NULL),
('RLG1','CST86','KAVARA','Y',NULL,NULL,NULL,NULL,NULL),
('RLG1','CST87','KERALA MUDALI','Y',NULL,NULL,NULL,NULL,NULL),
('RLG1','CST88','KONGU VELLALA G','Y',NULL,NULL,NULL,NULL,NULL),
('RLG1','CST89','KONGU VELLALA GOUNDER','Y',NULL,NULL,NULL,NULL,NULL),
('RLG2','CST9','LC','Y',NULL,NULL,NULL,NULL,NULL),
('RLG1','CST90','KONGU VELLALAR','Y',NULL,NULL,NULL,NULL,NULL),
('RLG1','CST91','KRISHNAVAKA','Y',NULL,NULL,NULL,NULL,NULL),
('RLG1','CST92','KSHATHRIYA','Y',NULL,NULL,NULL,NULL,NULL),
('RLG1','CST93','KUDUMBI','Y',NULL,NULL,NULL,NULL,NULL),
('RLG1','CST94','KULALA','Y',NULL,NULL,NULL,NULL,NULL),
('RLG1','CST95','KURAVA','Y',NULL,NULL,NULL,NULL,NULL),
('RLG1','CST96','KURAVAN','Y',NULL,NULL,NULL,NULL,NULL),
('RLG1','CST97','KURUK','Y',NULL,NULL,NULL,NULL,NULL),
('RLG1','CST98','KURUKKAL','Y',NULL,NULL,NULL,NULL,NULL),
('RLG1','CST99','KURUP','Y',NULL,NULL,NULL,NULL,NULL);

/*Data for the table `campus_caste_category` */

insert  into `campus_caste_category`(`castCatId`,`casteCategory`,`religionId`,`casteId`,`isActive`,`remarks`,`createdBy`,`createdTime`,`modifiedBy`,`modifiedTime`) values 
('CAT1','GEN','RLG1','CST226','Y',NULL,NULL,NULL,NULL,NULL),
('CAT10','GENERAL','RLG2','CST11','Y',NULL,NULL,NULL,NULL,NULL),
('CAT100','OEC','RLG1','CST100','Y',NULL,NULL,NULL,NULL,NULL),
('CAT101','ST','RLG1','CST101','Y',NULL,NULL,NULL,NULL,NULL),
('CAT102','ST','RLG1','CST102','Y',NULL,NULL,NULL,NULL,NULL),
('CAT103','ST','RLG1','CST103','Y',NULL,NULL,NULL,NULL,NULL),
('CAT104','GENERAL','RLG1','CST104','Y',NULL,NULL,NULL,NULL,NULL),
('CAT105','OEC','RLG1','CST105','Y',NULL,NULL,NULL,NULL,NULL),
('CAT106','OBC','RLG1','CST106','Y',NULL,NULL,NULL,NULL,NULL),
('CAT107','SC','RLG1','CST107','Y',NULL,NULL,NULL,NULL,NULL),
('CAT108','OBC','RLG1','CST108','Y',NULL,NULL,NULL,NULL,NULL),
('CAT109','GENERAL','RLG1','CST109','Y',NULL,NULL,NULL,NULL,NULL),
('CAT11','GENERAL','RLG2','CST12','Y',NULL,NULL,NULL,NULL,NULL),
('CAT110','GENERAL','RLG1','CST110','Y',NULL,NULL,NULL,NULL,NULL),
('CAT111','OEC','RLG1','CST111','Y',NULL,NULL,NULL,NULL,NULL),
('CAT112','OEC','RLG1','CST112','Y',NULL,NULL,NULL,NULL,NULL),
('CAT113','OBC','RLG1','CST113','Y',NULL,NULL,NULL,NULL,NULL),
('CAT114','SC','RLG1','CST114','Y',NULL,NULL,NULL,NULL,NULL),
('CAT115','ST','RLG1','CST115','Y',NULL,NULL,NULL,NULL,NULL),
('CAT116','GENERAL','RLG1','CST116','Y',NULL,NULL,NULL,NULL,NULL),
('CAT117','OBC','RLG1','CST117','Y',NULL,NULL,NULL,NULL,NULL),
('CAT118','GENERAL','RLG1','CST118','Y',NULL,NULL,NULL,NULL,NULL),
('CAT119','GENERAL','RLG1','CST119','Y',NULL,NULL,NULL,NULL,NULL),
('CAT12','GENERAL','RLG2','CST13','Y',NULL,NULL,NULL,NULL,NULL),
('CAT120','GENERAL','RLG1','CST120','Y',NULL,NULL,NULL,NULL,NULL),
('CAT121','GENERAL','RLG1','CST121','Y',NULL,NULL,NULL,NULL,NULL),
('CAT122','GENERAL','RLG1','CST122','Y',NULL,NULL,NULL,NULL,NULL),
('CAT123','GENERAL','RLG1','CST123','Y',NULL,NULL,NULL,NULL,NULL),
('CAT124','GENERAL','RLG1','CST124','Y',NULL,NULL,NULL,NULL,NULL),
('CAT125','GENERAL','RLG1','CST125','Y',NULL,NULL,NULL,NULL,NULL),
('CAT126','GENERAL','RLG1','CST138','Y',NULL,NULL,NULL,NULL,NULL),
('CAT127','GENERAL','RLG1','CST141','Y',NULL,NULL,NULL,NULL,NULL),
('CAT128','SC','RLG1','CST126','Y',NULL,NULL,NULL,NULL,NULL),
('CAT129','SC','RLG1','CST129','Y',NULL,NULL,NULL,NULL,NULL),
('CAT13','GENERAL','RLG2','CST14','Y',NULL,NULL,NULL,NULL,NULL),
('CAT130','SC','RLG1','CST130','Y',NULL,NULL,NULL,NULL,NULL),
('CAT131','SC','RLG1','CST132','Y',NULL,NULL,NULL,NULL,NULL),
('CAT132','SC','RLG1','CST133','Y',NULL,NULL,NULL,NULL,NULL),
('CAT133','SC','RLG1','CST134','Y',NULL,NULL,NULL,NULL,NULL),
('CAT134','SC','RLG1','CST136','Y',NULL,NULL,NULL,NULL,NULL),
('CAT135','SC','RLG1','CST139','Y',NULL,NULL,NULL,NULL,NULL),
('CAT136','OEC','RLG1','CST127','Y',NULL,NULL,NULL,NULL,NULL),
('CAT137','OBC','RLG1','CST128','Y',NULL,NULL,NULL,NULL,NULL),
('CAT138','OBC','RLG1','CST131','Y',NULL,NULL,NULL,NULL,NULL),
('CAT139','OEC','RLG1','CST137','Y',NULL,NULL,NULL,NULL,NULL),
('CAT14','NA','RLG2','CST15','Y',NULL,NULL,NULL,NULL,NULL),
('CAT140','OEC','RLG1','CST140','Y',NULL,NULL,NULL,NULL,NULL),
('CAT141','OBC','RLG1','CST142','Y',NULL,NULL,NULL,NULL,NULL),
('CAT142','OBC','RLG1','CST135','Y',NULL,NULL,NULL,NULL,NULL),
('CAT143','GENERAL','RLG1','CST143','Y',NULL,NULL,NULL,NULL,NULL),
('CAT144','GENERAL','RLG1','CST144','Y',NULL,NULL,NULL,NULL,NULL),
('CAT145','GENERAL','RLG1','CST145','Y',NULL,NULL,NULL,NULL,NULL),
('CAT146','GENERAL','RLG1','CST149','Y',NULL,NULL,NULL,NULL,NULL),
('CAT147','NA','RLG1','CST156','Y',NULL,NULL,NULL,NULL,NULL),
('CAT148','GENERAL','RLG1','CST156','Y',NULL,NULL,NULL,NULL,NULL),
('CAT149','GENERAL','RLG1','CST157','Y',NULL,NULL,NULL,NULL,NULL),
('CAT150','GENERAL','RLG1','CST162','Y',NULL,NULL,NULL,NULL,NULL),
('CAT151','GENERAL','RLG1','CST164','Y',NULL,NULL,NULL,NULL,NULL),
('CAT152','GENERAL','RLG1','CST165','Y',NULL,NULL,NULL,NULL,NULL),
('CAT153','GENERAL','RLG1','CST177','Y',NULL,NULL,NULL,NULL,NULL),
('CAT154','OBC','RLG1','CST146','Y',NULL,NULL,NULL,NULL,NULL),
('CAT155','OBC','RLG1','CST147','Y',NULL,NULL,NULL,NULL,NULL),
('CAT156','OBC','RLG1','CST152','Y',NULL,NULL,NULL,NULL,NULL),
('CAT157','OEC','RLG1','CST152','Y',NULL,NULL,NULL,NULL,NULL),
('CAT158','OBC','RLG1','CST153','Y',NULL,NULL,NULL,NULL,NULL),
('CAT159','OBC','RLG1','CST154','Y',NULL,NULL,NULL,NULL,NULL),
('CAT16','OBC','RLG2','CST17','Y',NULL,NULL,NULL,NULL,NULL),
('CAT160','OBC','RLG1','CST160','Y',NULL,NULL,NULL,NULL,NULL),
('CAT161','OBC','RLG1','CST161','Y',NULL,NULL,NULL,NULL,NULL),
('CAT162','OBC','RLG1','CST163','Y',NULL,NULL,NULL,NULL,NULL),
('CAT163','OBC','RLG1','CST166','Y',NULL,NULL,NULL,NULL,NULL),
('CAT164','OBC','RLG1','CST167','Y',NULL,NULL,NULL,NULL,NULL),
('CAT165','OBC','RLG1','CST168','Y',NULL,NULL,NULL,NULL,NULL),
('CAT166','OBC','RLG1','CST169','Y',NULL,NULL,NULL,NULL,NULL),
('CAT167','OBC','RLG1','CST170','Y',NULL,NULL,NULL,NULL,NULL),
('CAT168','OBC','RLG1','CST171','Y',NULL,NULL,NULL,NULL,NULL),
('CAT169','OBC','RLG1','CST173','Y',NULL,NULL,NULL,NULL,NULL),
('CAT17','OBC','RLG2','CST18','Y',NULL,NULL,NULL,NULL,NULL),
('CAT170','OEC','RLG1','CST174','Y',NULL,NULL,NULL,NULL,NULL),
('CAT171','OEC','RLG1','CST175','Y',NULL,NULL,NULL,NULL,NULL),
('CAT172','SC','RLG1','CST148','Y',NULL,NULL,NULL,NULL,NULL),
('CAT173','SC','RLG1','CST150','Y',NULL,NULL,NULL,NULL,NULL),
('CAT174','SC','RLG1','CST151','Y',NULL,NULL,NULL,NULL,NULL),
('CAT175','SC','RLG1','CST155','Y',NULL,NULL,NULL,NULL,NULL),
('CAT176','SC','RLG1','CST158','Y',NULL,NULL,NULL,NULL,NULL),
('CAT177','SC','RLG1','CST159','Y',NULL,NULL,NULL,NULL,NULL),
('CAT178','SC','RLG1','CST172','Y',NULL,NULL,NULL,NULL,NULL),
('CAT179','SC','RLG1','CST176','Y',NULL,NULL,NULL,NULL,NULL),
('CAT18','GENERAL','RLG2','CST19','Y',NULL,NULL,NULL,NULL,NULL),
('CAT180','GENERAL','RLG1','CST178','Y',NULL,NULL,NULL,NULL,NULL),
('CAT181','GENERAL','RLG1','CST179','Y',NULL,NULL,NULL,NULL,NULL),
('CAT182','GENERAL','RLG1','CST186','Y',NULL,NULL,NULL,NULL,NULL),
('CAT183','GENERAL','RLG1','CST188','Y',NULL,NULL,NULL,NULL,NULL),
('CAT184','GENERAL','RLG3','CST197','Y',NULL,NULL,NULL,NULL,NULL),
('CAT185','OBC','RLG3','CST198','Y',NULL,NULL,NULL,NULL,NULL),
('CAT186','OBC','RLG1','CST180','Y',NULL,NULL,NULL,NULL,NULL),
('CAT187','OBC','RLG1','CST181','Y',NULL,NULL,NULL,NULL,NULL),
('CAT188','OBC','RLG1','CST182','Y',NULL,NULL,NULL,NULL,NULL),
('CAT189','SC','RLG1','CST183','Y',NULL,NULL,NULL,NULL,NULL),
('CAT19','GENERAL','RLG2','CST20','Y',NULL,NULL,NULL,NULL,NULL),
('CAT190','OBC','RLG1','CST184','Y',NULL,NULL,NULL,NULL,NULL),
('CAT191','OBC','RLG1','CST185','Y',NULL,NULL,NULL,NULL,NULL),
('CAT192','OBC','RLG1','CST189','Y',NULL,NULL,NULL,NULL,NULL),
('CAT193','OBC','RLG1','CST190','Y',NULL,NULL,NULL,NULL,NULL),
('CAT194','OBC','RLG4','CST192','Y',NULL,NULL,NULL,NULL,NULL),
('CAT195','OBC','RLG4','CST193','Y',NULL,NULL,NULL,NULL,NULL),
('CAT196','OBC','RLG4','CST194','Y',NULL,NULL,NULL,NULL,NULL),
('CAT197','OBC','RLG4','CST196','Y',NULL,NULL,NULL,NULL,NULL),
('CAT198','OTHERS','RLG1','CST200','Y',NULL,NULL,NULL,NULL,NULL),
('CAT199','OTHERS','RLG2','CST199','Y',NULL,NULL,NULL,NULL,NULL),
('CAT2','GENERAL','RLG2','CST5','Y',NULL,NULL,NULL,NULL,NULL),
('CAT20','GENERAL','RLG2','CST21','Y',NULL,NULL,NULL,NULL,NULL),
('CAT200','OTHERS','RLG3','CST201','Y',NULL,NULL,NULL,NULL,NULL),
('CAT201','OTHERS','RLG4','CST202','Y',NULL,NULL,NULL,NULL,NULL),
('CAT206','SC','RLG1','CST209','Y',NULL,NULL,NULL,NULL,NULL),
('CAT207','OBC','RLG2','CST205','Y',NULL,NULL,NULL,NULL,NULL),
('CAT208','OBC','RLG1','CST210','Y',NULL,NULL,NULL,NULL,NULL),
('CAT21','OBC','RLG2','CST22','Y',NULL,NULL,NULL,NULL,NULL),
('CAT215','OBC','RLG2','CST217','Y',NULL,NULL,NULL,NULL,NULL),
('CAT217','NA','RLG4','CST219','Y',NULL,NULL,NULL,NULL,NULL),
('CAT218','OBC','RLG1','CST221','Y',NULL,NULL,NULL,NULL,NULL),
('CAT219','Oec','RLG2','CST222','Y',NULL,NULL,NULL,NULL,NULL),
('CAT22','GENERAL','RLG2','CST23','Y',NULL,NULL,NULL,NULL,NULL),
('CAT221','SC','RLG2','CST222','Y',NULL,NULL,NULL,NULL,NULL),
('CAT222','NA','RLG1','CST223','Y',NULL,NULL,NULL,NULL,NULL),
('CAT223','NA','RLG5','CST224','Y',NULL,NULL,NULL,NULL,NULL),
('CAT224','GENERAL','RLG1','CST223','Y',NULL,NULL,NULL,NULL,NULL),
('CAT225','OBC','RLG4','CST219','Y',NULL,NULL,NULL,NULL,NULL),
('CAT226','aa','RLG2','CST1','Y','    ',NULL,NULL,NULL,NULL),
('CAT227','231231','RLG2','CST10','Y',NULL,NULL,NULL,NULL,NULL),
('CAT228','OBC','RLG1','CST223','Y',NULL,NULL,NULL,NULL,NULL),
('CAT229','RAJPUT','RLG5','CST224','Y',NULL,NULL,NULL,NULL,NULL),
('CAT23','OEC','RLG2','CST24','Y',NULL,NULL,NULL,NULL,NULL),
('CAT230','OBC','RLG1','CST226','Y',NULL,NULL,NULL,NULL,NULL),
('CAT231','GEN','RLG1','CST227','Y',NULL,NULL,NULL,NULL,NULL),
('CAT232','GEN','RLG5','CST229','Y',NULL,NULL,NULL,NULL,NULL),
('CAT233','OBC','RLG1','CST228','Y',NULL,NULL,NULL,NULL,NULL),
('CAT234','SC','RLG1','CST223','Y',NULL,NULL,NULL,NULL,NULL),
('CAT235','OBC','RLG5','CST224','Y',NULL,NULL,NULL,NULL,NULL),
('CAT236','OTHERS','RLG2','CST15','Y',NULL,NULL,NULL,NULL,NULL),
('CAT237','GEN','RLG1','CST223','Y',NULL,NULL,NULL,NULL,NULL),
('CAT238','GEN','RLG1','CST51','Y',NULL,NULL,NULL,NULL,NULL),
('CAT239','OBC','RLG3','CST230','Y',NULL,NULL,NULL,NULL,NULL),
('CAT24','OBC','RLG2','CST25','Y',NULL,NULL,NULL,NULL,NULL),
('CAT240','GEN','RLG2','CST15','Y',NULL,NULL,NULL,NULL,NULL),
('CAT241','GEN','RLG5','CST224','Y',NULL,NULL,NULL,NULL,NULL),
('CAT242','SC','RLG5','CST224','Y',NULL,NULL,NULL,NULL,NULL),
('CAT243','GEN','RLG3','CST230','Y',NULL,NULL,NULL,NULL,NULL),
('CAT244','OBC','RLG3','CST231','Y',NULL,NULL,NULL,NULL,NULL),
('CAT245','OBC','RLG1','CST232','Y',NULL,NULL,NULL,NULL,NULL),
('CAT246','GEN','RLG3','CST233','Y',NULL,NULL,NULL,NULL,NULL),
('CAT247','SC','RLG1','CST234','Y',NULL,NULL,NULL,NULL,NULL),
('CAT248','GEN','RLG1','CST234','Y',NULL,NULL,NULL,NULL,NULL),
('CAT249','OBC','RLG1','CST234','Y',NULL,NULL,NULL,NULL,NULL),
('CAT25','OBC','RLG2','CST26','Y',NULL,NULL,NULL,NULL,NULL),
('CAT250','OBC','RLG3','CST233','Y',NULL,NULL,NULL,NULL,NULL),
('CAT251','OBC','RLG3','CST235','Y',NULL,NULL,NULL,NULL,NULL),
('CAT252','GEN','RLG3','CST235','Y',NULL,NULL,NULL,NULL,NULL),
('CAT253','GEN','RLG1','CST236','Y',NULL,NULL,NULL,NULL,NULL),
('CAT254','GEN','RLG1','CST232','Y',NULL,NULL,NULL,NULL,NULL),
('CAT255','GEN','RLG1','CST228','Y',NULL,NULL,NULL,NULL,NULL),
('CAT256','GEN','RLG3','CST231','Y',NULL,NULL,NULL,NULL,NULL),
('CAT257','OBC','RLG3','CST237','Y',NULL,NULL,NULL,NULL,NULL),
('CAT258','GEN','RLG2','CST238','Y',NULL,NULL,NULL,NULL,NULL),
('CAT259','nil','RLG1','CST239','Y',NULL,NULL,NULL,NULL,NULL),
('CAT26','OBC','RLG2','CST27','Y',NULL,NULL,NULL,NULL,NULL),
('CAT260','nil','RLG1','CST241','Y',NULL,NULL,NULL,NULL,NULL),
('CAT261','nil','RLG1','CST240','Y',NULL,NULL,NULL,NULL,NULL),
('CAT262','nil','RLG1','CST242','Y',NULL,NULL,NULL,NULL,NULL),
('CAT263','nil','RLG1','CST243','Y',NULL,NULL,NULL,NULL,NULL),
('CAT264','nil','RLG1','CST244','Y',NULL,NULL,NULL,NULL,NULL),
('CAT265','nil','RLG4','CST245','Y',NULL,NULL,NULL,NULL,NULL),
('CAT266','OBC','RLG4','CST245','Y',NULL,NULL,NULL,NULL,NULL),
('CAT267','OBC','RLG1','CST246','Y',NULL,NULL,NULL,NULL,NULL),
('CAT268','GEN','RLG1','CST247','Y',NULL,NULL,NULL,NULL,NULL),
('CAT269','OBC','RLG1','CST248','Y',NULL,NULL,NULL,NULL,NULL),
('CAT27','GENERAL','RLG2','CST28','Y',NULL,NULL,NULL,NULL,NULL),
('CAT270','OBC','RLG1','CST250','Y',NULL,NULL,NULL,NULL,NULL),
('CAT271','GEN','RLG1','CST251','Y',NULL,NULL,NULL,NULL,NULL),
('CAT272','SC','RLG1','CST252','Y',NULL,NULL,NULL,NULL,NULL),
('CAT273','OBC','RLG1','CST253','Y',NULL,NULL,NULL,NULL,NULL),
('CAT274','GEN','RLG1','CST254','Y',NULL,NULL,NULL,NULL,NULL),
('CAT275','GEN','RLG1','CST255','Y',NULL,NULL,NULL,NULL,NULL),
('CAT276','OBC','RLG3','CST256','Y',NULL,NULL,NULL,NULL,NULL),
('CAT277','OBC','RLG1','CST257','Y',NULL,NULL,NULL,NULL,NULL),
('CAT278','OBC','RLG1','CST258','Y',NULL,NULL,NULL,NULL,NULL),
('CAT279','SC','RLG1','CST259','Y',NULL,NULL,NULL,NULL,NULL),
('CAT28','GENERAL','RLG2','CST29','Y',NULL,NULL,NULL,NULL,NULL),
('CAT280','OBC','RLG1','CST243','Y',NULL,NULL,NULL,NULL,NULL),
('CAT281','OBC','RLG1','CST249','Y',NULL,NULL,NULL,NULL,NULL),
('CAT282','GEN','RLG1','CST257','Y',NULL,NULL,NULL,NULL,NULL),
('CAT283','2A','RLG1','CST100','Y',NULL,NULL,NULL,NULL,NULL),
('CAT29','GENERAL','RLG2','CST30','Y',NULL,NULL,NULL,NULL,NULL),
('CAT3','OEC','RLG2','CST10','Y',NULL,NULL,NULL,NULL,NULL),
('CAT30','GENERAL','RLG2','CST31','Y',NULL,NULL,NULL,NULL,NULL),
('CAT31','Obc','RLG2','CST9','Y',NULL,NULL,NULL,NULL,NULL),
('CAT32','SC','RLG1','CST32','Y',NULL,NULL,NULL,NULL,NULL),
('CAT33','SC','RLG1','CST33','Y',NULL,NULL,NULL,NULL,NULL),
('CAT34','SC','RLG1','CST34','Y',NULL,NULL,NULL,NULL,NULL),
('CAT35','GENERAL','RLG1','CST35','Y',NULL,NULL,NULL,NULL,NULL),
('CAT36','GENERAL','RLG1','CST36','Y',NULL,NULL,NULL,NULL,NULL),
('CAT37','SC','RLG1','CST37','Y',NULL,NULL,NULL,NULL,NULL),
('CAT38','GENERAL','RLG1','CST38','Y',NULL,NULL,NULL,NULL,NULL),
('CAT39','OEC','RLG1','CST39','Y',NULL,NULL,NULL,NULL,NULL),
('CAT40','OEC','RLG1','CST40','Y',NULL,NULL,NULL,NULL,NULL),
('CAT41','SC','RLG1','CST41','Y',NULL,NULL,NULL,NULL,NULL),
('CAT42','SC','RLG1','CST42','Y',NULL,NULL,NULL,NULL,NULL),
('CAT43','SC','RLG1','CST43','Y',NULL,NULL,NULL,NULL,NULL),
('CAT44','SC','RLG1','CST44','Y',NULL,NULL,NULL,NULL,NULL),
('CAT45','SC','RLG1','CST45','Y',NULL,NULL,NULL,NULL,NULL),
('CAT46','SC','RLG1','CST46','Y',NULL,NULL,NULL,NULL,NULL),
('CAT47','SC','RLG1','CST47','Y',NULL,NULL,NULL,NULL,NULL),
('CAT48','SC','RLG1','CST48','Y',NULL,NULL,NULL,NULL,NULL),
('CAT49','GENERAL','RLG1','CST49','Y',NULL,NULL,NULL,NULL,NULL),
('CAT50','OBC','RLG1','CST50','Y',NULL,NULL,NULL,NULL,NULL),
('CAT51','GENERAL','RLG1','CST51','Y',NULL,NULL,NULL,NULL,NULL),
('CAT52','OBC','RLG1','CST52','Y',NULL,NULL,NULL,NULL,NULL),
('CAT53','SC','RLG1','CST53','Y',NULL,NULL,NULL,NULL,NULL),
('CAT54','SC','RLG1','CST54','Y',NULL,NULL,NULL,NULL,NULL),
('CAT55','SC','RLG1','CST55','Y',NULL,NULL,NULL,NULL,NULL),
('CAT56','OEC','RLG1','CST56','Y',NULL,NULL,NULL,NULL,NULL),
('CAT57','SC','RLG1','CST57','Y',NULL,NULL,NULL,NULL,NULL),
('CAT58','OBC','RLG1','CST58','Y',NULL,NULL,NULL,NULL,NULL),
('CAT59','OBC','RLG1','CST59','Y',NULL,NULL,NULL,NULL,NULL),
('CAT6','OBC','RLG2','CST4','Y',NULL,NULL,NULL,NULL,NULL),
('CAT60','OBC','RLG1','CST60','Y',NULL,NULL,NULL,NULL,NULL),
('CAT61','GENERAL','RLG1','CST61','Y',NULL,NULL,NULL,NULL,NULL),
('CAT62','OEC','RLG1','CST62','Y',NULL,NULL,NULL,NULL,NULL),
('CAT63','OEC','RLG1','CST63','Y',NULL,NULL,NULL,NULL,NULL),
('CAT64','SC','RLG1','CST64','Y',NULL,NULL,NULL,NULL,NULL),
('CAT65','OBC','RLG1','CST65','Y',NULL,NULL,NULL,NULL,NULL),
('CAT66','OBC','RLG1','CST66','Y',NULL,NULL,NULL,NULL,NULL),
('CAT67','OBC','RLG1','CST67','Y',NULL,NULL,NULL,NULL,NULL),
('CAT68','OBC','RLG1','CST68','Y',NULL,NULL,NULL,NULL,NULL),
('CAT69','GENERAL','RLG1','CST70','Y',NULL,NULL,NULL,NULL,NULL),
('CAT7','GENERAL','RLG2','CST6','Y',NULL,NULL,NULL,NULL,NULL),
('CAT70','OBC','RLG1','CST71','Y',NULL,NULL,NULL,NULL,NULL),
('CAT71','OBC','RLG1','CST72','Y',NULL,NULL,NULL,NULL,NULL),
('CAT72','OBC','RLG1','CST69','Y',NULL,NULL,NULL,NULL,NULL),
('CAT73','SC','RLG1','CST73','Y',NULL,NULL,NULL,NULL,NULL),
('CAT74','OBC','RLG1','CST74','Y',NULL,NULL,NULL,NULL,NULL),
('CAT75','GENERAL','RLG1','CST75','Y',NULL,NULL,NULL,NULL,NULL),
('CAT76','OBC','RLG1','CST76','Y',NULL,NULL,NULL,NULL,NULL),
('CAT77','SC','RLG1','CST77','Y',NULL,NULL,NULL,NULL,NULL),
('CAT78','GENERAL','RLG1','CST78','Y',NULL,NULL,NULL,NULL,NULL),
('CAT79','OBC','RLG1','CST79','Y',NULL,NULL,NULL,NULL,NULL),
('CAT8','OBC','RLG2','CST7','Y',NULL,NULL,NULL,NULL,NULL),
('CAT80','OBC','RLG1','CST80','Y',NULL,NULL,NULL,NULL,NULL),
('CAT81','OBC','RLG1','CST81','Y',NULL,NULL,NULL,NULL,NULL),
('CAT82','OBC','RLG1','CST82','Y',NULL,NULL,NULL,NULL,NULL),
('CAT83','OBC','RLG1','CST83','Y',NULL,NULL,NULL,NULL,NULL),
('CAT84','OBC','RLG1','CST84','Y',NULL,NULL,NULL,NULL,NULL),
('CAT85','OBC','RLG1','CST85','Y',NULL,NULL,NULL,NULL,NULL),
('CAT86','SC','RLG1','CST86','Y',NULL,NULL,NULL,NULL,NULL),
('CAT87','OBC','RLG1','CST87','Y',NULL,NULL,NULL,NULL,NULL),
('CAT88','GENERAL','RLG1','CST88','Y',NULL,NULL,NULL,NULL,NULL),
('CAT89','GENERAL','RLG1','CST89','Y',NULL,NULL,NULL,NULL,NULL),
('CAT9','GENERAL','RLG2','CST8','Y',NULL,NULL,NULL,NULL,NULL),
('CAT90','OBC','RLG1','CST90','Y',NULL,NULL,NULL,NULL,NULL),
('CAT91','OBC','RLG1','CST91','Y',NULL,NULL,NULL,NULL,NULL),
('CAT92','GENERAL','RLG1','CST92','Y',NULL,NULL,NULL,NULL,NULL),
('CAT93','OBC','RLG1','CST93','Y',NULL,NULL,NULL,NULL,NULL),
('CAT94','OBC','RLG1','CST94','Y',NULL,NULL,NULL,NULL,NULL),
('CAT95','SC','RLG1','CST95','Y',NULL,NULL,NULL,NULL,NULL),
('CAT96','SC','RLG1','CST96','Y',NULL,NULL,NULL,NULL,NULL),
('CAT97','GENERAL','RLG1','CST97','Y',NULL,NULL,NULL,NULL,NULL),
('CAT98','GENERAL','RLG1','CST98','Y',NULL,NULL,NULL,NULL,NULL),
('CAT99','GENERAL','RLG1','CST99','Y',NULL,NULL,NULL,NULL,NULL);

/*Data for the table `campus_religion` */

insert  into `campus_religion`(`religionId`,`religion`,`isActive`,`remarks`,`createdBy`,`createdTime`,`modifiedBy`,`modifiedTime`,`description`) values 
('RLG1','HINDU','Y',NULL,NULL,NULL,NULL,NULL,NULL),
('RLG2','CHRISTIAN','Y',NULL,NULL,NULL,NULL,NULL,NULL),
('RLG3','MUSLIM','Y',NULL,NULL,NULL,NULL,NULL,NULL),
('RLG4','ISLAM','Y',NULL,NULL,NULL,NULL,NULL,NULL),
('RLG5','OTHERS','Y',NULL,NULL,NULL,NULL,NULL,NULL);

/*Data for the table `campus_fee_type` */

insert  into `campus_fee_type`(`slno`,`feeTypeId`,`feeType`,`isActive`,`createdBy`,`modifiedBy`,`modifiedTime`) values 
(1,'ADF','ADMISSION FEES','Y',NULL,NULL,'0000-00-00 00:00:00'),
(2,'AOF','ANNUAL FEES','Y',NULL,NULL,'0000-00-00 00:00:00'),
(3,'TUF','TUITION FEES','Y',NULL,NULL,'0000-00-00 00:00:00'),
(4,'STF','SPORTS FEES','Y',NULL,NULL,'0000-00-00 00:00:00'),
(5,'EXF','EXAM FEES','Y',NULL,NULL,'0000-00-00 00:00:00'),
(6,'MEF','MEDICAL FEES','Y',NULL,NULL,'0000-00-00 00:00:00'),
(7,'LAF','LAB FEES','Y',NULL,NULL,'0000-00-00 00:00:00'),
(8,'SPF','SPORTS FEES','Y',NULL,NULL,'0000-00-00 00:00:00');

SET SQL_MODE=@OLD_SQL_MODE;
SET FOREIGN_KEY_CHECKS=@OLD_FOREIGN_KEY_CHECKS;
SET UNIQUE_CHECKS=@OLD_UNIQUE_CHECKS;
SET SQL_NOTES=@OLD_SQL_NOTES;
